공통,,,,,,테란,,,,,,프로토스,,,,,,저그,,,,,,
1.20 (26.06.27)  /  1.20.1 (07.01)  /  1.20.2 (07.08)  /  1.20.3 (07.21),,,,,,,,,,,,,,,,,,,,,,,,
폭발형·진동형,,,,,,배럭,,,,,,질럿,,,,,,드론,,,,,,
 • 보호막 대상 피해 계수: 75% → 100% → 87.5%,,,1.20.1,,, • 비용: 150 → 125,,,,,, • 보호막/체력: 60/100 → 50/110,,,,,, • 공격 주기: 1.1 → 1.07,,,,,,
,,,,,, • 건설 시간: 50 → 48.2,,,,,, • 다리 강화 개발 시간: 71.4 → 64.3,,,,,,성큰 콜로니,,,,,,
,,,,,,팩토리,,,,,,드라군,,,,,, • 변이 시간: 14.3 → 17.9,,,,,,
,,,,,, • 비용: 150/100 → 125/75,,,,,, • 보호막/체력: 80/100 → 70/110,,,,,, • 공격 주기: 1.25 → 1.34,,,,,,
,,,,,, • 건설 시간: 39.3 → 41.1,,,,,,아칸,,,,,,저글링,,,,,,
,,,,,,머신 샵,,,,,, • 공격 주기: 0.98 → 0.85,,,,,, • 이동 속도: 4.33 → 4.38,,,,,,
,,,,,, • 비용: 50/25 → 50/50,,,,,,다크 템플러,,,,,,히드라리스크,,,,,,
,,,,,,스타포트,,,,,,• 소환 시간: 27.1 → 32.1 → 27.1,1.20.1,,,,, • 공격 주기: 0.69 → 0.73 → 0.72,,,1.20.1,,,
,,,,,, • 비용: 150/100 → 125/75,,,,,,다크 아콘,,,,,, • 근육 보강 진화 비용: 125/125 → 100/100,,,,,,
,,,,,,컨트롤 타워,,,,,, • 피드백 시전 사거리: 10 → 10.5,,,,,,럴커,,,,,,
,,,,,, • 비용: 50/25 → 50/50,,,,,, • 피드백 재사용 대기시간: 0.94 → 0,,,1.20.2,,, • 공격력: 24 → 25,,,,,,
,,,,,,엔지니어링 베이,,,,,, • 마인드 컨트롤 개발 비용: 150/150 → 100/100,,,,,,뮤탈리스크,,,,,,
,,,,,, • 건설 시간: 28.6 → 25,,,1.20.2,,, • 마인드 컨트롤 에너지 소모량: 150 → 125,,,,,, • 뭉치기 모드 토글 능력으로 변경,,,,,,
,,,,,,미사일 터렛,,,,,, • 마인드 컨트롤 시전 사거리: 10 → 9,,,1.20.1,,, • 이동 속도: 5.25 → 4.9,,,,,,
,,,,,,• 공격력,1.20.2,,,,,하이 템플러,,,,,,가디언,,,,,,
,,,,,,   ◦ 기본: 18.75 → 15,,,,,,,,,,,,,,,,,,
,,,,,,   ◦ 경장갑: 15.625 → 12.5,,,,,,,,,,,,,,,,,,
,,,,,,   ◦ 중장갑: 25 → 20,,,,,,,,,,,,,,,,,,
,,,,,,   ◦ 보호막: 21.875 → 17.5,,,,,,,,,,,,,,,,,,
,,,,,,마린,,,,,, • 할루시네이션 개발 필요,,,1.20.3,,, • 공격력: 20 → 25,,,,,,
,,,,,, • 생산 시간: 16.1 → 17.9,,,,,,• 소환 시간: 27.1 → 32.1,,,,,, • 공격 사거리: 11 → 10,,,,,,
,,,,,,,,,,,, • 할루시네이션 에너지 소모량: 75 → 50,,,1.20.3,,,,,,,,,
,,,,,,파이어뱃,,,,,,셔틀,,,,,,인페스티드 테란,,,,,,
,,,,,, • 생산 시간: 16.1 → 17.9,,,,,, • 비용: 200 → 175,,,,,, • 비용: 75/25 → 100/50,,,,,,
,,,,,, • 공격 주기: 0.98 → 0.94,,,,,, • 보호막: 70 → 80,,,,,, • 생산 시간: 13.6 → 17.9,,,,,,
,,,,,,,,,,,,,,,,,,스커지,,,,,,
,,,,,,,,,,,,,,,,,, • 이동 속도: 5.25 → 4.9,,,,,,
,,,,,,메딕,,,,,, • 중력 구동기 개발 비용: 150/150 → 100/100,,,,,, • 공격력: 307.5 → 375,,,,,,
,,,,,, • 생산 시간: 16.1 → 17.9,,,,,,리버,,,,,,울트라리스크,,,,,,
,,,,,,• 옵티컬 플레어 연구 시간: 64.3 → 57.1,1.20.2,,,,, • 속성 추가: 거대,,,,,, • 공격 주기: 0.60 → 0.63,,,,,,
,,,,,,고스트,,,,,, • 보호막/체력: 80/100 → 70/110,,,,,,,,,,,,
,,,,,, • 체력: 60 → 55,,,,,, • 시야: 9 → 8 → 9,,,1.20.2,,,,,,,,,
,,,,,,벌쳐,,,,,, • 공격 사거리: 10 → 9,,,,,,,,,,,,
,,,,,, • 생산 시간: 19.3 → 21.4,,,,,, • 이동 속도: 1.4 → 1.31,,,,,,,,,,,,
,,,,,, • 공격 주기: 1.32 → 1.25,,,,,,스캐럽,,,,,,,,,,,,
,,,,,,골리앗,,,,,, • 이동 속도: 8.4 → 7.88,,,,,,,,,,,,
,,,,,, • 생산 시간: 22.1 → 25,,,,,, • 내부 반경: 0.1875 → 0.3125,,,,,,,,,,,,
,,,,,, • 공중 공격 주기: 1.03 → 0.94,,,,,,스카웃,,,,,,,,,,,,
,,,,,,레이스,,,,,,• 지상 공격력: 6 (경장갑 +4) x2 → 7 (경장갑·보호막 +3) x2,,,,,,,,,,,,
,,,,,, • 생산 시간: 27.1 → 30,,,,,,,,,,,,,,,,,,
,,,,,, • 뭉치기 모드 토글 능력으로 변경,,,,,, • 지상 공격 주기: 1.12 → 1.25,,,,,,,,,,,,
,,,,,, • 체력: 25 → 20,,,,,,캐리어,,,,,,,,,,,,
,,,,,,드랍십,,,,,, • 인터셉터 출격 지연 시간: 0.27 → 0.33,,,,,,,,,,,,
,,,,,, • 비용: 100/25 → 100/50,,,,,,아비터,,,,,,,,,,,,
,,,,,, • 가속도: 1.93 → 2.45,,,,,, • 비용: 100/350 → 100/300,,,,,,,,,,,,
,,,,,, • 감속도: 1.93 → 2.45,,,,,, • 속성 추가: 거대,,,,,,,,,,,,
,,,,,,사이언스 베슬,,,,,, • 리콜 에너지 소모량: 125 → 100,,,,,,,,,,,,
,,,,,, • 생산 시간: 39.3 → 42.9,,,1.20.2,,,,,,,,,,,,,,,
,,,,,, • 이동 속도: 3.85 → 3.94,,,1.20.2,,,,,,,,,,,,,,,
,,,,,, • 디펜시브 매트릭스 시전 사거리: 10 → 9,,,1.20.3,,,,,,,,,,,,,,,
,,,,,, • 이래디에이트 시전 사거리: 9 → 8,,,1.20.3,,,,,,,,,,,,,,,
,,,,,, • 이래디에이트 시전 선딜레이: 0 → 0.36,,,1.20.3,,,,,,,,,,,,,,,
,,,,,, • 이래디에이트 시전 후딜레이: 0.45 → 0,,,1.20.3,,,,,,,,,,,,,,,
,,,,,, • 이래디에이트 피해 중첩 제거,,,,,,,,,,,,,,,,,,
,,,,,, • 디펜시브 매트릭스 에너지 소모량: 100 → 75,,,,,,,,,,,,,,,,,,
,,,,,, • 디펜시브 매트릭스 보호막: 300 → 250,,,,,,,,,,,,,,,,,,
1.19 (26.05.07)  /  1.19.1 (05.15)  /  1.19.1.1 (05.16),,,,,,,,,,,,,,,,,,,,,,,,
버그 수정 및 기타 변경 사항,1.19.1,,,,,,,,,,,,,,,,,,,,,,,
• 스타2 여왕이 아군 BW 부화장·번식지·군락에 애벌레 생성을 사용할 수 없도록 수정,,,,,,,,,,,,,,,,,,,,,,,,
• 스타2 수정탑이 아군 BW 넥서스 근처에서 차원로 지속 능력을 활성화하지 않도록 수정,,,,,,,,,,,,,,,,,,,,,,,,
• 예언자의 계시 효과가 변태·합체로 생성된 유닛에 이전되지 않도록 수정,,,,,,,,,,,,,,,,,,,,,,,,
• 뮤탈리스크·레이스의 낮은 분리 반경 이동과 관련된 점수 누적 문제 수정,,,,,,,,,,,,,,,,,,,,,,,,
• 메딕이 다른 유닛에 밀리는 동안 치료할 수 있던 문제 수정,,,,,,,,,,,,,,,,,,,,,,,,
,,,,,,고스트,1.19.1,,,,,게이트웨이,,,,,,히드라리스크,,,,,,
,,,,,,• 퍼스널 클로킹 초당 에너지 소모량: 0.79 → 1.28,,,,,, • 소환 시간: 46.4 → 48.2 → 46.4,,,1.19.1 / 1.19.1.1,,, • 이동 속도: 3.06 → 3.15,,,,,,
,,,,,,• 공격 주기: 0.98 → 0.94,,,,,,사이버네틱스 코어,,,,,,럴커,,,,,,
,,,,,,벌쳐,,,,,, • 소환 시간: 35.7 → 33.9 → 35.7,,,1.19.1 / 1.19.1.1,,, • 공격력: 20 (경장갑 +5) → 24,,,1.19.1,,,
,,,,,, • 무기 탐색 범위: 5.5 → 5,,,,,,실드 배터리,,,,,,퀸,,,,,,
,,,,,, • 이동 직후 공격 불가 시간: 0.09 → 0.07,,,,,, • 넥서스에서 12칸을 초과한 곳에 소환 시 초기 에너지: 100 → 50,,,1.19.1.1,,,• 변이 시간: 33.6 → 31.4,1.19.1,,,,,
,,,,,, • 이동 중 공격 사거리 편차: 0 → 1,,,,,,질럿,,,,,,디파일러,,,,,,
,,,,,, • 이동 중 공격 원호 편차: 0 → 225,,,,,, • 소환 시간: 26.8 → 25,,,,,,• 변이 시간: 32.1 → 31.4,1.19.1,,,,,
,,,,,, • 이온 추진기 이동 속도 증가량: 40% → 50%,,,,,,하이 템플러,,,,,,,,,,,,
,,,,,,레이스,,,,,, • 소환 시간: 30 → 27.1,,,,,,,,,,,,
,,,,,,• 클로킹 필드 초당 에너지 소모량: 1.05 → 1.28,1.19.1,,,,,다크 템플러,,,,,,,,,,,,
,,,,,,사이언스 베슬,1.19.1,,,,, • 소환 시간: 27.1 → 25,,,,,,,,,,,,
,,,,,,• 이래디에이트 피해 주기: 0.36 → 0.33,,,,,,아칸,,,,,,,,,,,,
,,,,,,• 이래디에이트 지속 시간: 26.8 → 25,,,,,, • 공격력: 30 → 35,,,,,,,,,,,,
,,,,,,• EMP 쇼크웨이브 투사체 초기 속도: 0.7 → 3.15,,,,,,리버,,,,,,,,,,,,
,,,,,,,,,,,, • 시야: 10 → 9,,,1.19.1.1,,,,,,,,,
,,,,,,,,,,,, • 공격 사거리: 9 → 10,,,1.19.1,,,,,,,,,
,,,,,,,,,,,, • 거대 대상 추가 공격력: 0 → 25,,,1.19.1,,,,,,,,,
,,,,,,,,,,,, • 스캐럽 반경: 0.1875 → 0.125,,,1.19.1,,,,,,,,,
,,,,,,,,,,,, • 스캐럽 업그레이드 거대 대상 추가 공격력: 0 → 25,,,1.19.1,,,,,,,,,
,,,,,,,,,,,, • 스캐럽이 활성 상태일 때 첫 재사용 대기시간이 끝나면 무기가 한 번 더 재사용 대기시간에 들어가던 문제 수정,,,1.19.1.1,,,,,,,,,
,,,,,,,,,,,, • 최대 사거리에서 리버가 발사하지 못하던 문제 수정,,,1.19.1.1,,,,,,,,,
,,,,,,,,,,,,스카웃,,,,,,,,,,,,
,,,,,,,,,,,, • 비용: 175/100 → 200/100,,,,,,,,,,,,
,,,,,,,,,,,,커세어,,,,,,,,,,,,
,,,,,,,,,,,, • 공격 원호 편차: 0 → 45,,,,,,,,,,,,
,,,,,,,,,,,, • 공격 후딜레이: 0.36 → 0,,,,,,,,,,,,
,,,,,,,,,,,, • 공격 사거리 편차: 1 → 0.1,,,,,,,,,,,,
,,,,,,,,,,,, • 이동 감속도: 4.375 → 2.5,,,,,,,,,,,,
,,,,,,,,,,,,아비터,,,,,,,,,,,,
,,,,,,,,,,,, • 공격 주기: 2.01 → 1.88,,,1.19.1,,,,,,,,,
1.18 (26.03.21)  /  1.18.1 (04.01)  /  1.18.2 (04.10)  /  1.18.3 (05.01)  /  1.18.3.1 (05.01),,,,,,,,,,,,,,,,,,,,,,,,
,,,,,,배럭,,,,,,파일런,,,,,,성큰 콜로니,,,,,,
,,,,,, • 건설 시간: 46.4 → 50,,,1.18.1,,, • 보호막/체력: 300/300 → 250/250,,,,,, • 공격 주기: 1.34 → 1.25,,,1.18.1,,,
,,,,,,SCV,,,,,,실드 배터리,,,,,,스포어 콜로니,,,,,,
,,,,,, • 공격 주기: 1.07 → 1.1,,,1.18.1,,, • 소환 시간: 25 → 21.4 → 28.6,,,1.18.3,,, • 공격력: 20 → 15,,,1.18.1,,,
,,,,,,메딕,1.18.1,,,,,드라군,,,,,,히드라리스크 덴,,,,,,
,,,,,,• 리스토레이션 에너지 소모량: 50 → 75,,,,,, • 이동 속도: 4.11 → 4.13,,,,,, • 변이 시간: 28.6 → 25,,,,,,
,,,,,,• 리스토레이션 연구 시간: 42.9 → 57.1,,,,,,하이 템플러,,,,,,스파이어,1.18.1,,,,,
,,,,,,• 옵티컬 플레어 에너지 소모량: 75 → 50,,,,,, • 사이오닉 스톰 개발 시간: 71.4 → 78.6,,,,,,• 비용: 200/150 → 150/150 → 200/150,,,,,,
,,,,,,• 옵티컬 플레어 연구 시간: 42.9 → 64.3,,,,,, • 할루시네이션 개발 요구사항 제거,,,,,,• 변이 시간: 71.4 → 66 → 71.4,,,,,,
,,,,,,고스트,1.18.1,,,,, • 할루시네이션 지속 시간: 60.27 → 56.25,,,,,,오버로드,1.18.1,,,,,
,,,,,,• 락다운 연구 비용: 150/150 → 125/125,,,,,, • 할루시네이션 에너지 소모량: 50 → 75,,,,,,• 기낭 갑피 이동 속도 증가량: 2.25 → 2.16,,,,,,
,,,,,,• 뉴클리어 스트라이크 시전 사거리: 13 → 12,,,,,, • 할루시네이션은 탐지기에 의해 드러나지 않음,,,,,,• 배주머니 진화 비용: 150/150 → 200/200,,,,,,
,,,,,,벌쳐,,,,,, • 에너지 소모 능력 효과에 즉시 파괴됨,,,,,,• 배주머니 진화 시간: 64.3 → 71.4,,,,,,
,,,,,, • 공격 주기: 1.36 → 1.32,,,,,,다크 아칸,,,,,,저글링,1.18.2,,,,,
,,,,,, • 스파이더 마인 연구 시간: 57.1 → 50,,,,,, • 마엘스트롬 개발 비용: 150/150 → 100/100,,,,,,• 언버로우 시간: 0.71 → 0.36,,,,,,
,,,,,,골리앗,1.18.1,,,,, • 마인드 컨트롤은 동맹 유닛 대상 지정 불가,,,,,,• 언버로우 무작위 지연: 0.36 → 0.08,,,,,,
,,,,,,• 공중 공격 주기: 0.94 → 1.03,,,,,,셔틀,,,,,,히드라리스크,,,,,,
,,,,,,• 카론 부스터 추가 사거리: +2 → +2.5,,,,,, • 비용: 175 → 200,,,1.18.2,,, • 공격 주기: 0.67 → 0.69,,,1.18.1,,,
,,,,,,드랍십,,,,,, • 보호막: 80 → 70,,,1.18.2,,, • 가시 홈 진화 비용: 100/100 → 125/125 → 75/75,,,1.18.1,,,
,,,,,, • 비용: 100/50 → 100/25,,,,,, • 중력 구동기 개발 비용: 125/125 → 150/150,,,,,, • 언버로우 시간: 0.71 → 0.36,,,1.18.2,,,
,,,,,, • 생산 시간: 25 → 22.9,,,,,, • 중력 구동기 개발 시간: 71.4 → 78.6,,,,,, • 언버로우 무작위 지연: 0.36 → 0.08,,,1.18.2,,,
,,,,,, • 체력: 180 → 150,,,,,,리버,,,,,,럴커,,,,,,
,,,,,,레이스,1.18.2,,,,, • 거대 속성 제거,,,,,, • 공격 사거리: 7 → 8,,,,,,
,,,,,,• 지상 공격력: 14 → 15,,,,,, • 생산 시간: 39.2 → 35.7,,,,,, • 공격력: 25 → 20 (경장갑 +5),,,,,,
,,,,,,• 이동 중 분리 반경: 0.5 → 0.1,,,,,, • 방어력: 1 → 0,,,1.18.2,,, • 공격력 업그레이드: +3 → +2,,,,,,
,,,,,,사이언스 베슬,1.18.1,,,,, • 이동 속도: 1.5 → 1.4,,,1.18.2,,,뮤탈리스크,,,,,,
,,,,,,• 비용: 100/200 → 100/225,,,,,, • 공격 주기: 2.68 → 2.59 → 2.5,,,1.18.2,,, • 이동 가속도: 5.86 → 8.75,,,,,,
,,,,,,• 생산 시간: 34.3 → 39.3,,,,,, • 공격 사거리: 8 → 9,,,1.18.2,,, • 반경: 0.6875 → 0.5,,,,,,
,,,,,,• EMP 쇼크웨이브 연구 비용: 150/150 → 125/125,,,,,, • 스캐럽 생산 시간: 4.69 → 4.38,,,,,, • 분리 반경: 0.4 → 0.5,,,,,,
,,,,,,발키리,,,,,, • 스캐럽 공격력 증가 개발 비용: 125/125 → 150/150,,,,,, • 이동 중 분리 반경: 0.5 → 0.1,,,1.18.1,,,
,,,,,, • 공격 주기: 2.68 → 2.54,,,,,, • 순간이동 유닛 추적 범위: 공격 사거리 내 → 플레이어 시야 내,,,,,, • 공격 사거리: 4.5 → 5,,,,,,
,,,,,,,,,,,,스카웃,,,,,,가디언,1.18.1,,,,,
,,,,,,,,,,,, • 비용: 200/100 → 175/100,,,,,,• 공격력: 25 → 20,,,,,,
,,,,,,,,,,,, • 생산 시간: 34.3 → 32.1,,,,,,• 공격력 업그레이드: +3 → +2 → +3,1.18.2,,,,,
,,,,,,,,,,,, • 체력: 150 → 100,,,,,,• 공격 사거리: 10 → 11,,,,,,
,,,,,,,,,,,, • 가속도: 4.2 → 4.46 → 4.55,,,1.18.3,,,• 공격 주기: 1.34 → 1.25,,,,,,
,,,,,,,,,,,, • 측면 가속도: 4.2 → 2.8 → 4.55,,,1.18.3,,,디바우러,,,,,,
,,,,,,,,,,,, • 이동 속도: 4.46 → 4.55,,,,,, • 비용: 100/50 → 150/50,,,1.18.1,,,
,,,,,,,,,,,,• 지상 공격력: 7 (경장갑 +2) x 2 → 7 (경장갑 +3) x 2 → 6 (경장갑 +4) x 2,1.18.3,,,,, • 공격 사거리: 7 → 8,,,1.18.1,,,
,,,,,,,,,,,, • 지상 공격 선딜레이: 0.07 → 0.12,,,,,, • 공격 주기: 3.11 → 2.54,,,1.18.2,,,
,,,,,,,,,,,, • 공중 공격 주기: 0.98 → 0.89 → 0.94,,,1.18.2,,,퀸,,,,,,
,,,,,,,,,,,,커세어,,,,,,• 패러사이트·브루들링 소환은 광란 유닛 대상 지정 불가,,,,,,
,,,,,,,,,,,, • 회전 속도: 1400 → 2100,,,,,,• 브루들링 소환 시전 사거리: 10 → 9,,,,,,
,,,,,,,,,,,, • 정지 회전 속도: 1050 → 2100,,,,,,디파일러,,,,,,
,,,,,,,,,,,, • 디스럽션 웹 에너지 소모량: 100 → 125,,,1.18.3,,, • 변이 시간: 35.7 → 32.1,,,,,,
,,,,,,,,,,,,캐리어,,,,,,울트라리스크,,,,,,
,,,,,,,,,,,, • 인터셉터 무기: 즉발형으로 변경,,,1.18.2,,, • 반경: 0.875 → 0.75,,,,,,
,,,,,,,,,,,, • 인터셉터 공격 주기: 1.21 → 1.58,,,1.18.2,,, • 모델 크기: 0.8125 → 0.75,,,,,,
,,,,,,,,,,,, • 인터셉터 보호막 재생: 42 → ∞,,,1.18.2,,, • 비용: 175/175 → 200/150,,,1.18.1,,,
,,,,,,,,,,,, • 초기 인터셉터 수: 0 → 4 → 0,,,1.18.3 / 1.18.3.1,,, • 합성 동화 작용 진화 비용: 125/125 → 150/150,,,1.18.1,,,
,,,,,,,,,,,,아비터,,,,,, • 키틴질 장갑 진화 비용: 125/125 → 150/150,,,1.18.1,,,
,,,,,,,,,,,, • 비용: 100/300 → 100/350,,,,,,,,,,,,
,,,,,,,,,,,, • 스테이시스 필드 개발 시간: 71.4 → 64.3,,,,,,,,,,,,
1.17 (25.10.04),,,,,,,,,,,,,,,,,,,,,,,,
,,,,,,마린,,,,,,템플러 아카이브,,,,,,오버로드,,,,,,
빗나감,,,,,, • 생산 시간: 17.1 → 16.1,,,,,, • 건설 시간: 28.6 → 35.7,,,,,, • 기낭 갑피 이동 속도 증가량: 2.16 → 2.25,,,,,,
 • 거신·파수기·공허 포격기·모선·화염차 공격은 다크 스웜 및 부시 속 유닛에게 빗나감,,,,,,,,,,,,,,,,,,,,,,,,
 • 파수기와 화염차 공격에 언덕 빗나감 확률 적용,,,,,,,,,,,,,,,,,,,,,,,,
감염충,,,,,,,,,,,,,,,,,,,,,,,,
,,,,,, • 공격 주기: 0.69 → 0.67,,,,,,다크 템플러,,,,,, • 배주머니 진화 비용: 175/175 → 150/150,,,,,,
,,,,,, • 스팀팩 공격 속도 증가량: 100% → 75%,,,,,, • 소환 시간: 30 → 26.8,,,,,, • 배주머니 진화 시간: 71.4 → 64.3,,,,,,
,,,,,, • 스팀팩 재사용 대기시간: 0 → 0.71,,,,,,,,,,,,히드라리스크,,,,,,
,,,,,, • U-238 탄환 연구 시간: 85.7 → 64.3,,,,,,,,,,,, • 공격 주기: 0.69 → 0.67,,,,,,
,,,,,,파이어뱃,,,,,, • 공격력 업그레이드: +3 → +5,,,,,,럴커,,,,,,
,,,,,, • 생산 시간: 17.1 → 16.1,,,,,,다크 아칸,,,,,, • 공격력 업그레이드: +2 → +3,,,,,,
,,,,,, • 체력: 55 → 50,,,,,, • 피드백 시전 사거리: 10 → 10.5,,,,,,스커지,,,,,,
,,,,,, • 스팀팩 재사용 대기시간: 0 → 0.71,,,,,, • 마인드 컨트롤 대상 유닛은 보급품 소모,,,,,, • 체력: 25 → 30,,,,,,
,,,,,, • 공격은 근접 유형이 아니도록 변경,,,,,,스카웃,,,,,, • 공격 선딜레이: 0.04 → 0,,,,,,
,,,,,,메딕,,,,,,• 지상 공격력: 4 (경장갑 +1) ×4 → 7 (경장갑 +2) ×2,,,,,, • 공대지 무기 보유 유닛 자동 추적,,,,,,
,,,,,, • 생산 시간: 17.1 → 16.1,,,,,,,,,,,,뮤탈리스크,,,,,,
,,,,,,고스트,,,,,, • 지상 공격력 업그레이드: +0.5 → +1,,,,,, • 공격 사거리: 4 → 4.5,,,,,,
,,,,,, • 락다운 지속 시간: 27 → 23.6,,,,,, • 지상 공격 주기: 1.25 → 1.12,,,,,,가디언,,,,,,
,,,,,,스파이더 마인,,,,,, • 지상 공격 선딜레이: 0.12 → 0.07,,,,,, • 공격 선딜레이: 0.12 → 0.07,,,,,,
,,,,,, • 버로우된 스파이더 마인은 50%·25% 방사 피해를 받지 않음,,,,,, • 지상 공격 사거리: 4 → 5,,,,,, • 공격력 업그레이드: +2 → +3,,,,,,
,,,,,,시즈 탱크,,,,,,커세어,,,,,,디바우러,,,,,,
,,,,,, • 동맹 밀어내기 우선순위: 0 → 1,,,,,, • 생산 시간: 22.1 → 22.9,,,,,, • 애시드 스포어 지속 시간: 15 → 27.1,,,,,,
,,,,,,레이스,,,,,, • 디스럽션 웹 에너지: 125 → 100,,,,,, • 애시드 스포어는 인터셉터 출격 지연 시간을 증가시키지 않음,,,,,,
,,,,,, • 지상 공격 사거리: 4 → 5,,,,,, • 디스럽션 웹 지속 시간: 12.5 → 10.7,,,,,,퀸,,,,,,
,,,,,, • 공중 공격 주기: 0.98 → 0.94,,,,,,캐리어,,,,,, • 인스네어 지속 시간: 21.4 → 14.3,,,,,,
,,,,,,발키리,,,,,, • 인터셉터 무기: 즉발 레이저 → 투사체,,,,,, • 인스네어는 포탑형 무기·스캐럽·인터셉터에 영향 없음,,,,,,
,,,,,, • 공격 중 고정시간: 1.65 → 1.6,,,,,, • 인터셉터 투사체 속도: 19.6 → 29.4,,,,,,디파일러,,,,,,
,,,,,, • 광륜 로켓 발사 간격: 0.42 → 0.4,,,,,,아비터,,,,,, • 다크 스웜 지속 시간: 32.1 → 20,,,,,,
,,,,,, • 공격 주기: 2.68 → 2.67,,,,,, • 스테이시스 필드 지속 시간: 32.9 → 23.6,,,,,, • 다크 스웜 내부 버로우 유닛은 방사 피해 외곽 영역 피해를 받지 않음,,,,,,
,,,,,, • 대상 지정 불가 시 이동 가능,,,,,, • 리콜 발동 지연: 1.43 → 0.98,,,,,,울트라리스크,,,,,,
,,,,,,사이언스 베슬,,,,,, • 리콜 관련 지형·경직 문제 수정,,,,,, • 합성 동화 작용 진화 비용: 150/150 → 125/125,,,,,,
,,,,,, • 디펜시브 매트릭스 지속 시간: 42 → 28.6,,,,,,,,,,,, • 키틴질 장갑 진화 비용: 150/150 → 125/125,,,,,,
,,,,,, • EMP 쇼크웨이브 연구 시간: 71.4 → 57.1,,,,,,,,,,,,,,,,,,
,,,,,, • 이래디에이트 효과 범위: 대상 반경 + 1 → 대상 반경 + 1.125,,,,,,,,,,,,,,,,,,
,,,,,,배틀크루저,,,,,,,,,,,,,,,,,,
,,,,,, • 비용: 375/275 → 350/250,,,,,,,,,,,,,,,,,,
,,,,,, • 체력: 550 → 500,,,,,,,,,,,,,,,,,,
,,,,,, • 지상/공중 공격력: 36(기계 +8) → 34,,,,,,,,,,,,,,,,,,
,,,,,, • 지상/공중 공격력 업그레이드: +4 → +3,,,,,,,,,,,,,,,,,,
 • 신경 기생충으로 조종한 일꾼이 건물을 완성한 뒤 생산되는 유닛은 보급품 소모,,,,,,,,,,,,,,,,,,,,,,,,
,,,,,,,,,,,,,,,,,,,,,,,,
1.16 (25.07.16)  /  1.16.1 (08.08)  /  1.16.2 (08.14)  /  1.16.3 (08.14)  /  1.16.4 (08.30)  /  1.16.5 (09.04)  /  1.16.6 (09.08),,,,,,,,,,,,,,,,,,,,,,,,
스1 일꾼,,,,,,뉴클리어 사일로,,,,,,사이버네틱스 코어,,,,,,에볼루션 챔버,,,,,,
 • 가속도: 4.1125 → 3.9375 (스2 일꾼 가속도: 3.5),,,,,, • 비용: 100/100 → 50/25,,,,,, • 보호막/체력: 500/500 → 550/550,,,,,,• 변이 시간: 20 → 25,1.16.5,,,,,
(스타2 대비 자원 채취율 6% → 5.5%),,,,,[[PATCH_NO_AUTO_DIVIDER]],• 부착 시간: 35.7 → 17.9,,,,,,실드 배터리,,,,,,나이더스 커널,1.16.4,,,,,
진동형,,,,,,,,,,,,,,,,,,,,,,,,
,,,,,,배럭,,,,,,• 소환 시간: 21.4 → 25,,,,,,• 비용: 100 → 150,,,,,,
• 중장갑 피해 계수: 37.5% → 25%,,,,,, • 요구 사항: 서플라이 디포,,,,,, • 보호막 재충전 시전 사거리: 5 → 6,,,,,,• 변이 시간: 20 → 25,,,,,,
[[PATCH_DIVIDER]],,,,,,• 건설 시간: 47.9 → 46.4 → 42.9 → 46.4,1.16.3 / 1.16.4,,,,,로보틱스 퍼실리티,,,,,,• 출구 생성 시간: 10.7 → 25,,,,,,
" • 4인용 맵에서 두 플레이어가 한 변에 붙어있을 경우, 미니맵 핑이 50% 확률로 가로 + 세로 형태가 됨.",,,,,,아카데미,,,,,, • 비용: 150/100 → 125/75,,,,,,• 들이기 시간: 0.36 → 0.18,,,,,,
,,,,,, • 비용: 150 → 125 → 150,,1.16.1,,,,• 소환 시간: 39.3 → 32.1,,,,,,해처리,,,,,,
,,,,,,• 건설 시간: 42.9 → 21.4 → 25 → 21.4,1.16.3 / 1.16.4,,,,,로보틱스 서포트 베이,,,,,, • 체력: 1250 → 1500,,,,,,
,,,,,,미사일 터렛,,,,,, • 비용: 150/100 → 175/125,,,,,,레어,,,,,,
,,,,,, • 방어력: 0 → 1 → 0,,1.16.3,,,,• 소환 시간: 28.6 → 35.7,,,,,, • 체력: 1800 → 2000,,,,,,
,,,,,,아머리,,,,,,옵저버토리,,,,,,스포닝 풀,,,,,,
,,,,,,• 건설 시간: 35.7 → 25,,,,,, • 비용: 50/50 → 50/25,,,,,, • 체력: 750 → 1000,,,,,,
,,,,,,• 차량 방어력 업그레이드 비용,1.16.3,,,,,• 소환 시간: 15 → 14.3,,,,,,울트라리스크 캐번,,,,,,
,,,,,,◦ 2단계: 175/175 → 150/150 → 175/175,,,,,,플릿 비콘,,,,,, • 체력: 600 → 850,,,,,,
,,,,,,◦ 3단계: 250/250 → 200/200 → 250/250,,,,,, • 비용: 200/150 → 250/200 → 300/200,,,1.16.1,,,크립 콜로니,,,,,,
,,,,,,사이언스 퍼실리티,,,,,,• 소환 시간: 35.7 → 42.9,,,,,, • 비용: 50 → 25,,,,,,
,,,,,, • 비용: 100/150 → 100/125,,,,,,템플러 아카이브,,,,,,• 변이 시간: 10.7 → 14.3,,,,,,
,,,,,,• 건설 시간: 38.6 → 28.6,,,,,,• 소환 시간: 35.7 → 28.6,,,,,,성큰 콜로니,,,,,,
,,,,,,SCV,,,,,,질럿,,,,,, • 비용: 50 → 75,,,,,,
,,,,,, • 공격 사거리: 0.3125 → 0.1562,,,,,,• 소환 시간: 23.6 → 26.8,,,,,, • 체력: 325 → 300,,,,,,
,,,,,,스팀팩,,,,,, • 보호막/체력: 60/110 → 50/110 → 60/100,,,1.16.2,,, • 공격 주기: 1.52 → 1.34,,,,,,
,,,,,, • 연구 시간: 53.6 → 85.7 → 78.6,,1.16.2,,,, • 공격 주기: 0.89 → 0.86,,,,,,스포어 콜로니,,,,,,
,,,,,,마린,,,,,, • 다리 강화 이동 속도 증가량: 62.2% → 66.6%,,,,,, • 비용: 25 → 50,,,,,,
,,,,,,• 생산 시간: 17.9 → 17.1,1.16.4,,,,,드라군,,,,,,• 변이 시간: 10.7 → 7.1,,,,,,
,,,,,, • 공격 주기: 0.67 → 0.69,,1.16.3,,,, • 보호막/체력: 70/110 →  80/100,,1.16.2,,,, • 방어력: 0 → 1 → 0,,1.16.3,,,,
,,,,,, • U-238 연구 시간: 71.4 → 78.6 → 85.6,,,1.16.2,,,하이 템플러,,,,,, • 공격력: 20 → 15 (기계 +5) → 20,,1.16.5 / 1.16.6,,,,
,,,,,,파이어뱃,,,,,, • 사이오닉 스톰 효과 반경: 1.875 → 1.6875,,,,,,스파이어,,,,,,
,,,,,,• 생산 시간: 17.9 → 17.1,1.16.4,,,,, • 사이오닉 스톰 개발 비용: 150/150 → 200/200,,,,,, • 비용: 150/100 → 200/150,,,,,,
,,,,,, • 체력: 65 → 55,,1.16.1,,,, • 할루시네이션 개발 비용: 75/75 → 50/50,,,,,, • 체력: 600 → 850,,,,,,
,,,,,,메딕,,,,,, • 할루시네이션 개발 시간: 35.7 → 21.4,,,,,,• 비행체 갑피 업그레이드 비용,1.16.5,,,,,
,,,,,,• 생산 시간: 17.9 → 17.1,1.16.4,,,,,아칸,,,,,,◦ 2단계: 175/175 → 150/150 → 175/175,,,,,,
,,,,,, • 이제 다른 전투 유닛과 유사하게 적 유닛의 어그로를 끌게 됨.,,,,,, • 공격 주기: 0.89 → 0.98,,,,,,◦ 3단계: 250/250 → 200/200 → 250/250,,,,,,
,,,,,, • 힐 초당 에너지 소모량: 5.6 → 6.3,,1.16.1,,,, • 공격 사거리: 2 → 3,,,,,,인페스티드 커맨드 센터,,,,,,
,,,,,, • 옵티컬 플레어 에너지 소모량: 50 → 75,,,,,,다크 템플러,,,,,, • 체력: 1500 → 2000,,,,,,
,,,,,,고스트,,,,,, • 비용: 125/100 → 125/75,,,,,, • 속성 추가: 생체,,,,,,
,,,,,, • 이동 속도: 3.5 → 3.15,,,,,,다크 아칸,,,,,,오버로드,,,,,,
,,,,,, • 락다운 에너지 소모량: 100 → 75,,,,,, • 초기 에너지: 75 → 50,,,,,, • 배주머니 진화 비용: 150/150 → 175/175,,,,,,
,,,,,, • 뉴클리어 스트라이크 시전 사거리: 12 → 13,,,,,, • 마인드 컨트롤 시전 사거리: 9 → 10,,,1.16.5,,, • 기낭 갑피 이동 속도 증가량: 270% → 240%,,,,,,
,,,,,,벌쳐,,,,,, • 마인드 컨트롤 개발 시간: 71.4 → 57.1,,,1.16.5,,, • 기낭 갑피 진화 비용: 100/100 → 75/75,,,,,,
,,,,,, • 이온 추진기 연구 시간: 53.6 → 57.1 → 64.3,,,1.16.2,,, • 더 이상 마인드 컨트롤로 빼앗은 유닛이 보급품을 소모하지 않습니다.,,,,1.16.5,, • 기낭 갑피 진화 시간: 30.7 → 28.6 → 35.7,,,1.16.2,,,
,,,,,, • 이온 추진기 이동 속도 증가량: 50% → 40%,,,,,, • 마엘스트롬 시전 사거리: 10 → 9,,,,,,저글링,,,,,,
,,,,,, • 스파이더 마인 연구 시간: 53.6 → 71.4 → 57.1,,,1.16.2,,, • 마엘스트롬 효과 반경: 1.875 → 1.6875,,,,,, • 공격 주기: 0.407 → 0.429 → 0.421,,,1.16.2,,,
,,,,,,스파이더 마인,,,,,, • 마엘스트롬 개발 비용: 100/100 → 150/150,,,,,, • 아드레날린 공격 속도 증가량: 37.5% → 40%,,,,,,
,,,,,, • 발동 범위: 2.75 → 3,,,,,,셔틀,,,,,,히드라리스크,,,,,,
,,,,,, • 방사 피해 범위,,1.16.4,,,,• 생산 시간: 32.9 → 30,,,,,, • 이동 속도: 2.89 → 3.06,,,,,,
,,,,,,   ◦ 100%: 1.5625 → 1.375 → 1.5625,,,,,, • 보호막/체력: 70/100 → 80/120 → 80/100,,,1.16.4,,, • 공격 주기: 0.67 → 0.69,,1.16.2,,,,
,,,,,,   ◦ 50%: 2.3437 → 2.063 → 2.3437,,,,,, • 가속도: 1.75 → 2.45,,,,,, • 근육 보강 이동 속도 증가량: 50% → 41.4%,,,,,,
,,,,,,   ◦ 25%: 3.125 → 2.75 → 3.125,,,,,, • 감속도: 1.75 → 2.45,,,,,, • 근육 보강 진화 시간: 71.4 → 64.3,,,1.16.4,,,
,,,,,,시즈 탱크,,,,,, • 들이기 시전 사거리: 2.5 → 1,,,,,, • 가시 홈 진화 비용: 125/125 → 150/150 → 125/125 → 100/100,,,,1.16.4 / 1.16.5,,
,,,,,, • 시즈 모드 공격 주기: 2.7 → 2.8 → 2.7,,,1.16.2,,,리버,,,,,, • 가시 홈 진화 시간: 100 → 64.3,,1.16.4,,,,
,,,,,, • 시즈 모드 연구 시간: 39.3 → 35.7,,,,,, • 보호막/체력: 70/110 → 80/100,,1.16.2,,,, • 럴커 진화 비용: 150/150 → 200/200 → 150/150 → 200/200 → 150/150    1.16.2 / 1.16.5 / 1.16.6,,,,,,
,,,,,,골리앗,,,,,, • 방어력: 0 → 1,,,,,, • 럴커 진화 시간: 57.1 → 75,,1.16.5,,,,
,,,,,, • 체력: 150 → 125,,,,,, • 공격력: 100 (보호막 +55) → 100 (보호막 +25),,,,,,럴커,,,,,,
,,,,,, • 반경: 0.875 → 0.75 (1.14.1 버전으로 롤백),,,,,, • 스캐럽 빌드 타임: 5.7 → 4.7,,1.16.2,,,, • 비용: 50/100 → 50/75 → 50/100,,,1.16.2,,,
,,,,,, • 모델 크기: 4.76% 감소 (1.14.1 버전으로 롤백),,,,,, • 스캐럽 이동 속도: 11.2 → 9.1 → 8.4,,,1.16.2,,, • 체력: 140 → 125,,1.16.2,,,,
,,,,,, • 카론 부스터 보너스 사거리: +3 → +2.5 → +2,,,1.16.1,,, • 스캐럽 공격력 증가 보너스 공격력: 25 (보호막 +30) → 25 (보호막 +25),,,,,, • 공격력: 20 (경장갑 +5) → 25,,1.16.2,,,,
,,,,,,레이스,,,,,, • 스캐럽 속성 추가: 거대,,,,,, • 방사 피해 범위: 0.6 → 0.6875,,,,,,
,,,,,, • 지상 공격력: 10 → 14,,,,,,옵저버,,,,,, • 공격 주기: 1.65 → 1.56,,1.16.4,,,,
,,,,,, • 지상 공격 주기: 1.2 → 1.25,,,,,,• 생산 시간: 10 → 14.3,,,,,,뮤탈리스크,,,,,,
,,,,,, • 지상 공격 사거리: 5 → 4,,,,,,스카웃,,,,,,• 쐐기 벌레 피해량: 50%/25% → 33.33%/11.11%,1.16.5,,,,,
,,,,,, • 클로킹 필드 연구 시간: 57.1 → 78.6,,,,,,• 소환 시간: 35.7 → 34.3,,,,,,,,,,,,
,,,,,,드랍십,,,,,, • 이동 속도: 4.73 → 4.38 → 4.46,,1.16.5,,,,,,,,,,
,,,,,, • 체력: 150 → 180,,,,,, • 지상 공격력: 10 (경장갑 +5) → 4 (경장갑 +1) x 4,,,,,,• 쐐기 벌레 사거리: 3 → 3.375,,,,,,
,,,,,, • 가속도: 1.0625 → 1.375,,1.16.4,,,, • 지상 공격력 업그레이드 수치: +1 → +0.5,,,,,, • 공격 유지 회전 보정 범위: 45° → 90°,,,,,,
,,,,,,발키리,,,,,, • 지상 공격 사거리: 5 → 4,,,,,,디바우러,,,,,,
,,,,,, • 비용: 200/125 → 250/125 → 200/100,,,1.16.1,,, • 지상 공격 주기: 1.21 → 1.25,,,,,, • 체력: 275 → 250,,,,,,
,,,,,,• 생산 시간: 32.9 → 32.1,1.16.1,,,,, • 공중 공격 주기: 0.98 → 1.07 → 0.98,,,1.16.5,,, • 공격력,,,,,,
,,,,,, • 감속도: 2.1 → 2.45,,,,,, • 중력 추진기 개발 비용: 100/100 → 150/150 → 100/100,,,,1.16.5,,"   ◦ 기본, 보호막: 22.5 → 18.75",,,,,,
,,,,,,• 공격력,1.16.1,,,,, • 중력 추진기 개발 시간: 57.1 → 64.3 → 57.1,,,1.16.5,,,   ◦ 경장갑: 18.75 → 15.625,,,,,,
,,,,,,"◦ 기본, 보호막: 6 → 5.25 → 4.5",,,,,, • 중력 추진기 이동 속도 증가량: 25.9% → 20% → 17.7%,,,,1.16.5,,   ◦ 중장갑: 30 → 25,,,,,,
,,,,,,◦ 경장갑: 5 → 4.375 → 3.75,,,,,,커세어,,,,,, • 공격 주기: 4.15 → 3.11,,,,,,
,,,,,,◦ 중장갑: 8 → 7 → 6,,,,,,• 소환 시간: 25 → 22.1,1.16.4,,,,, • 애시드 스포어 효과 반경: 1.5 → 2.25,,,,,,
,,,,,, • 방사 피해 범위,,,,,, • 초기 에너지: 75 → 50,,,,,,스커지,,,,,,
,,,,,,   ◦ 100%: 0.1375 → 0.1562,,,,,, • 가속도: 4.1875 → 6.25,,1.16.4,,,, • 체력: 30 → 25,,,,,,
,,,,,,   ◦ 50%: 1.375 → 1.5625,,,,,, • 회전 속도: 1050 → 1400,,1.16.4,,,, • 시야: 10 → 9,,,,,,
,,,,,,   ◦ 25%: 2.75 → 3.125,,,,,, • 공격력,,,,,, • 공격 명령 중 탐색 반경: 5 → 15,,,,,,
,,,,,, • 이제 공격할 때 감속이 이루어짐,,,,,,"   ◦ 기본, 보호막: 4.5 → 3.75",,,,,,퀸,,,,,,
,,,,,, • 공격 유지 회전 보정 범위: 11.25° → 45°,,,,,,   ◦ 경장갑: 3.75 → 3.125,,,,,, • 인페스트 커맨드 센터 시전 시간: 5.71 → 2.68,,,,,,
,,,,,,사이언스 베슬,,,,,,   ◦ 중장갑: 6 → 5,,,,,, • 이제 퀸이 인페스트 커맨드 센터 시전 중 건물 내부로 진입.,,,,,,
,,,,,, • 속성 추가: 거대,,,,,, • 공격 사거리: 6 → 5,,,,,, • 패러사이트 시전 사거리: 12 → 10 → 9,,,1.16.1,,,
,,,,,, • EMP 쇼크웨이브 에너지 소모량: 75 → 100,,,,,, • 방사 피해 범위,,,,,, • 브루들링 소환 시전 사거리: 10 → 9 → 10,,,1.16.1 / 1.16.3,,,
,,,,,, • EMP 쇼크웨이브 효과 반경: 1.875 → 2.25,,,,,,   ◦ 100%: 0.1375 → 0.1562,,,,,, • 인스네어 시전 사거리: 10 → 9,,,1.16.1,,,
,,,,,, • EMP 쇼크웨이브 연구 비용: 200/200 → 150/150,,,,,,   ◦ 50%: 1.375 → 1.5625,,,,,, • 이제 패러사이트가 대상 머리 위에 표시 안됨 (대신 디버프 표기),,,,,,
,,,,,, • EMP 쇼크웨이브 연구 시간: 78.6 → 71.4,,,,,,   ◦ 25%: 2.75 → 3.125,,,,,, • 이제 브루들링 소환 투사체가 대상에 닿기 전에 퀸이 죽을 경우 투사체가 제거됨.,,,,,,
,,,,,, • 이래디에이트 효과 반경: 1.875 → 대상 반경 + 0.875 → 대상 반경 + 1,,,,1.16.2,, • 디스럽션 웹 에너지 소모량: 100 → 125,,,,,,디파일러,,,,,,
,,,,,, • 이래디에이트 연구 시간: 59.3 → 57.1,,,,,, • 디스럽션 웹 지속 시간: 16.1 → 12.5,,,,,, • 체력: 90 → 80,,1.16.1,,,,
,,,,,,배틀크루저,,,,,, • 디스럽션 웹 효과 반경: 1.95 → 1.725,,,,,, • 컨슘 시전 시간: 0.23 → 0.13,,,,,,
,,,,,,• 생산 시간: 57.1 → 64.3,1.16.5,,,,, • 디스럽션 웹 개발 비용: 100/100 → 150/150,,,,,, • 컨슘 후딜레이: 0.28 → 0,,,,,,
,,,,,, • 비용: 400/300 → 375/275,,,,,,캐리어,,,,,, • 다크 스웜 효과 반경: 3.75 → 2.8125,,,,,,
,,,,,, • 체력: 600 → 550,,,,,,• 소환 시간: 57.1 → 64.3,,,,,, • 플레이그 진화 비용: 150/150 → 200/200,,,,,,
,,,,,, • 이동 속도: 2.62 → 2.8,,1.16.5,,,, • 보호막/체력: 175/300 → 150/300,,,,,, • 플레이그 진화 시간: 92.9 → 57.1,,,,,,
,,,,,, • 공격력: 36 → 36 (기계 +8),,1.16.5,,,, • 인터셉터 출격 지연 시간: 0.18 → 0.27,,,,,, • 플레이그 피해량: 281.25 → 296.25,,,,,,
,,,,,, • 공격 주기: 1.2 → 1.25,,,,,,아비터,,,,,,   ◦ 틱당 피해량: 0.9375 → 3.95,,,,,,
,,,,,, • 야마토 건 에너지 비용: 125 → 100,,,1.16.5,,,• 소환 시간: 68.6 → 64.3,1.16.5,,,,,   ◦ 틱 주기: 0.09 → 0.36,,,,,,
,,,,,, • 야마토 건 시전 사거리: 12 → 10,,,1.16.5,,, • 리콜 효과 반경: 2.544 → 2.25,,,,,,,,,,,,
,,,,,, • 야마토 건 발사체 최대 사거리: 24 → 20,,,1.16.5,,, • 스테이시스 필드 효과 반경: 1.875 → 1.6875,,,,,,,,,,,,
,,,,,, • 야마토 건 연구 시간: 80.4 → 71.4,,,1.16.5,,, • 이제 스테이시스 필드가 영웅 유닛을 대상으로 삼을 수 있음.,,,,,,,,,,,,
,,,,,,,,,,,,,,,,,,,,,,,,
 • 실드 방어력 1은 이제 폭발형·진동형 피해를 1이 아닌 0.75만큼 감소시킴.,,,,,,,,,,,,,,,,,,,,,,,,
1.15 (25.04.14)  /  1.15.1 (04.21),,,,,,,,,,,,,,,,,,,,,,,,
,,,,,,커맨드 센터 - 컴샛 스테이션,,,,,,아비터 트라이뷰널,,,,,,드론,,,,,,
,,,,,, • 이제 컴샛 스테이션이 부착된 커맨드 센터는 직접 스캔 사용 가능,,,,,, • 비용: 250/200 → 200/150,,1.15.1,,,, • 공격 주기: 1.07 → 1.11,,,,,,
,,,,,,배럭,,,,,,질럿,,,,,,오버로드,,,,,,
,,,,,,• 건설 시간: 50 → 47.9,1.15.1,,,,, • 보호막/체력: 65/100 → 60/110,,,,,, • 시야: 10 → 11,,,,,,
,,,,,,아카데미,,,,,,하이 템플러,,,,,, • 안테나 진화 비용: 50/50 → 75/75,,,,,,
,,,,,,• 건설 시간: 28.9 → 42.9,,,,,, • 할루시네이션 개발 비용: 50/50 → 75/75,,,,,, • 안테나 진화 시간: 42.9 → 35.7,,,,,,
,,,,,,스팀팩,,,,,, • 할루시네이션 개발 시간: 57.1 → 35.7,,,,,, • 안테나 진화 보너스 시야: +3 → +2,,,,,,
,,,,,, • 연구 시간: 60.7 → 53.6,,,,,, • 사이오닉 스톰 CP 감소 - 초기 지연 시간: 0.3 → 0.13,,,,,,저글링,,,,,,
,,,,,,파이어뱃,,,,,,셔틀,,1.15.1,,,, • 공격 주기: 0.429 → 0.407,,,,,,
,,,,,, • 공격 시 움직임 억제 시간: 0 → 0.36,,,,,, • 비용: 150 → 175,,,,,, • 아드레날린 분비선 공격 속도 증가량: 45% → 37.5%,,,,,,
,,,,,,메딕,,,,,, • 중력 구동기 개발 비용: 100/100 → 125/125,,,,,,히드라리스크,,,,,,
,,,,,, • 이제 벙커나 수송선 내부에서 치료 불가,,,,,, • 내보내기 속도: 0.64 → 0.71,,,,,, • 공격 주기: 0.74 → 0.67,,,,,,
,,,,,, • 이동 속도: 3.94 → 3.5,,,,,,리버,,,,,, • 근육 보강 진화 비용: 150/150 → 100/100,,,,,,
,,,,,, • 리스토레이션 연구 비용: 50/50 → 100/100,,,,,, • 드랍 스턴 지속 시간: 1.34 → 1.13,,,,,, • 가시 홈 진화 비용: 150/150 → 125/125,,,,,,
,,,,,, • 리스토레이션 연구 시간: 53.6 → 42.9,,,,,," • 이제 마지막 스캐럽을 발사한 후 지상에 공격 명령이 내려졌을 경우, 2.23초 동안 제자리에 머무름.",,,,,,디바우러,,,,,,
,,,,,, • 카두세우스 반응로 연구 비용: 50/50 → 100/100,,,,,,"   ◦ 지상 공격 이동 명령이 다시 내려지면, 해당 위치로 이동하면서 새로운 스캐럽이 생산될 때까지 전진",,,,,,• 비용: 150/50 → 100/50,1.15.1,,,,,
,,,,,, • 카두세우스 반응로 연구 시간: 46.4 → 57.1,,,,,,"   ◦ 특정 유닛을 대상으로 공격 명령이 내려지면, 거리를 유지한 채 공격 지속",,,,,,퀸,,,,,,
,,,,,,고스트,,,,,,옵저버,,,,,, • 인스네어 진화 비용: 50/50 → 100/100,,,,,,
,,,,,, • 이동 속도: 3.94 → 3.5,,,,,, • 중력 가속기 개발 비용: 50/50 → 100/100,,,,,, • 인스네어 진화 시간: 35 → 50,,,,,,
,,,,,, • 퍼스널 클로킹 연구 시간: 35 → 50,,,,,, • 중력 가속기 개발 시간: 57.1 → 42.9,,,,,, • 생식 분열 진화 비용: 150/150 → 100/100,,,,,,
,,,,,, • 인공눈 이식 연구 비용: 50/50 → 75/75,,,,,, • 탐지기 배열 개발 비용: 50/50 → 75/75,,,,,,디파일러,,,,,,
,,,,,, • 인공눈 이식 연구 시간: 42.9 → 35.7,,,,,, • 탐지기 배열 개발 시간: 64.3 → 35.7,,,,,, • 연접변화 노드 진화 비용: 150/150 → 100/100,,,,,,
,,,,,, • 뫼비우스 반응로 연구 비용: 150/150 → 100/100,,,,,,스카웃,,,,,,,,,,,,
,,,,,,골리앗,,,,,, • 에이피얼 탐지기 개발 비용: 50/50 → 75/75,,,,,,,,,,,,
,,,,,, • 모델 크기: 12.5% 증가 시켰다가 6.67% 감소,,,1.15.1,,, • 중력 추진기 개발 비용: 50/50 → 100/100,,,,,,,,,,,,
,,,,,, • 반경: 0.75 → 0.875,,,,,, • 중력 추진기 이동 속도 증가량: 25% (5.91) → 25.93% (5.95),,,,,,,,,,,,
,,,,,, • 지상 공격 주기: 1.02 → 0.94,,,,,,커세어,,,,,,,,,,,,
,,,,,, • 공중 공격 주기: 0.98 → 0.94,,,,,, • 방사 피해 범위,,1.15.1,,,,,,,,,,
,,,,,, • 카론 부스터 연구 보너스 사거리: +2 (8) → +3 (9),,,,,,   ◦ 100%: 0.1562 → 0.1375,,,,,,,,,,,,
,,,,,,드랍십,,,,,,   ◦ 50%: 1.5625 → 1.375,,,,,,,,,,,,
,,,,,, • 비용: 100/25 → 100/50,,,,,,   ◦ 25%: 3.125 → 2.75,,,,,,,,,,,,
,,,,,,• 생산 시간: 27.1 → 25,,,,,, • 디스럽션 웹 개발 비용: 50/50 → 100/100,,,,,,,,,,,,
,,,,,,발키리,,,,,,캐리어,,,,,,,,,,,,
,,,,,, • 비용: 250/125 → 200/125,,,,,, • 캐리어 수용력 개발 비용: 200/200 → 100/100,,,,,,,,,,,,
,,,,,, • 방사 피해 범위,,1.15.1,,,, • 캐리어 수용력 개발 시간: 64.3 → 57.1,,,,,,,,,,,,
,,,,,,   ◦ 100%: 0.1562 → 0.1375,,,,,,아비터,,,,,,,,,,,,
,,,,,,   ◦ 50%: 1.5625 → 1.375,,,,,, • 스테이시스 필드 시전 사거리: 8 → 9,,,,,,,,,,,,
,,,,,,   ◦ 25%: 3.125 → 2.75,,,,,, • 스테이시스 필드 지속 시간: 21.4 → 32.9,,,,,,,,,,,,
,,,,,,사이언스 베슬,,,,,, • 스테이시스 필드 지속 시간: 21.4 → 32.9,,,,,,,,,,,,
,,,,,, • 속성 제거: 거대,,1.15.1,,,,,,,,,,,,,,,,
,,,,,,배틀크루저,,,,,,,,,,,,,,,,,,
,,,,,, • 비용: 375/275 → 400/300,,,,,,,,,,,,,,,,,,
,,,,,, • 공격력: 27 → 36,,,,,,,,,,,,,,,,,,
,,,,,, • 공격 주기: 0.8 → 1.2,,,,,,,,,,,,,,,,,,
,,,,,, • 야마토 건 공격력,,,,,,,,,,,,,,,,,,
,,,,,,   ◦ 180 → 195,,,,,,,,,,,,,,,,,,
,,,,,,   ◦ 경장갑: 150 → 162.5,,,,,,,,,,,,,,,,,,
,,,,,,   ◦ 중장갑: 240 → 260,,,,,,,,,,,,,,,,,,
,,,,,,   ◦ 보호막: 180 → 195,,,,,,,,,,,,,,,,,,
,,,,,, • 공격력 업그레이드 수치: +3 → +4,,,1.15.1,,,,,,,,,,,,,,,
,,,,,, • 야마토 건 에너지 소모량: 100 → 125,,,,,,,,,,,,,,,,,,
,,,,,, • 콜로서스 반응로 연구 비용: 150/150 → 100/100,,,,,,,,,,,,,,,,,,
1.14 (25.03.24)  /  1.14.1 (04.05),,,,,,,,,,,,,,,,,,,,,,,,
폭발형·진동형,,,,,,메딕,,,,,,실드 배터리,,,,,,퀸,,,,,,
 • 보호막 피해 계수: 80% → 75%,,,,,, • 힐,,,,,, • 초당 보호막 회복량: 39.2 → 50.4,,,,,, • 인스네어 시전 사거리: 9 → 10,,,,,,
,,,,,,   ◦ 초당 에너지 소모량: 6.6 → 5.6,,,,,,하이 템플러,,,,,, • 인스네어 효과 반경: 2 → 2.25,,,,,,
,,,,,,   ◦ 초당 체력 회복량: 16.8 → 12.6,,,,,, • 사이오닉 스톰 시전 시작 시간: 0 → 0.18,,,,,, • 인스네어 진화 비용: 100/100 → 50/50,,,,,,
,,,,,,   ◦ 시전 사거리: 3 → 2,,1.14.1,,,, • 사이오닉 스톰 시전 마무리 시간: 0.36 → 0.22,,,,,,디파일러,,,,,,
,,,,,,,,,,,,다크 아칸,,,,,,,,,,,,
,,,,,,,,,,,,,,,,,,,,,,,,
,,,,,,   ◦ 공격 우선 순위값: 18 → 20,,1.14.1,,,, • 이제 마인드 컨트롤이 빼앗은 유닛의 완료된 개발를 플레이어에게 영구 귀속,,,,,, • 플레이그 효과 반경: 2.2 → 2.25,,,,,,
,,,,,,배틀크루저,,,,,,   ◦ 공격력 및 방어력 업그레이드는 제외,,,,,,,,,,,,
,,,,,, • 체력: 650 → 600,,,,,,,,,,,,,,,,,,
,,,,,, • 공격 주기: 0.84 → 0.8,,,,,,,,,,,,,,,,,,
,,,,,,,,,,,, • 이제 동맹 유닛을 대상으로 마인드 컨트롤 시전 가능,,,,,,,,,,,,
,,,,,,,,,,,, • 이제 마인드 컨트롤로 빼앗은 유닛의 보급품이 정상적으로 플레이어의 보급품에 가산됨,,,,,,,,,,,,
,,,,,,,,,,,,리버,,,,,,,,,,,,
,,,,,,,,,,,,• 리버에 스캐럽이 없어도 무기 재사용 대기시간이 돌던 문제 수정,,,,,,,,,,,,
,,,,,,,,,,,,스카웃,,,,,,,,,,,,
,,,,,,,,,,,, • 지상 공격력: 9 (경장갑 +6) → 10 (경장갑 +5),,,,,,,,,,,,
1.13 (25.02.24)  /  1.13.2 (02.25)  /  1.13.3 (03.07),,,,,,,,,,,,,,,,,,,,,,,,
,,,,,,컴샛 스테이션,,,,,,로보틱스 퍼실리티,,,,,,성큰 콜로니,,,,,,
,,,,,, • 체력: 500 → 550,,,,,,• 소환 시간: 46.4 → 39.3,1.13.2,,,,,• 변이 시간: 12.9 → 14.3,,,,,,
,,,,,,뉴클리어 사일로,,,,,,로보틱스 서포트 베이,,,,,,뮤탈리스크,,,,,,
,,,,,, • 체력: 600 → 550,,,,,,• 소환 시간: 21.4 → 28.6,1.13.2,,,,,• 쐐기 벌레 피해량: 33.33%/11.11% → 50%/25%,1.13.3,,,,,
,,,,,,배럭,,,,,,아칸,1.13.3,,,,,,,,,,,
,,,,,,• 건설 시간: 47.9 → 50,,,,,, • 속성: 중장갑 → 무장갑,,,,,,,,,,,,
,,,,,,엔지니어링 베이,,,,,, • 보호막: 375 → 350,,,,,,디바우러,,,,,,
,,,,,,• 건설 시간: 21.4 → 28.6,,,,,,다크 아칸,1.13.3,,,,, • 체력: 250 → 275,,,,,,
,,,,,,머신 샵,,,,,, • 속성: 중장갑 → 무장갑,,,,,, • 방어력: 3 → 2,,,,,,
,,,,,, • 체력: 750 → 550,,,,,, • 보호막: 225 → 200,,,,,, • 공격 주기: 4.46 → 4.15,,,,,,
,,,,,,컨트롤 타워,,,,,,스카웃,,,,,, • 공격 사거리: 6 → 7,,,,,,
,,,,,,,,,,,,,,,,,,"• 디바우러의 산성 포자가 연속적인 빔 무기의 공격 주기를 낮추지 않던 문제 해결 (예언자, 파수기, 공허포격기)",,,,,,
,,,,,, • 체력: 500 → 550,,,,,, • 지상 공격 사거리: 4 → 5,,,,,,디파일러,,,,,,
,,,,,,코버트 옵스,,,,,,커세어,,1.13.3,,,, • 컨슘 진화 필요,,,,,,
,,,,,, • 체력: 750 → 550,,,,,, • 방사 피해 범위,,,,,,"   ◦ 비용: 100/100, 57.1초",,,,,,
,,,,,,피직스 랩,,,,,,   ◦ 100%: 1.0834 → 0.1562,,,,,,인페스티드 테란,1.13.2,,,,,
,,,,,, • 체력: 600 → 550,,,,,,   ◦ 50%: 2.1667 → 1.5625,,,,,,• 생산 시간: 23.6 → 13.6,,,,,,
,,,,,,스팀팩,,,,,,   ◦ 25%: 3.25 → 3.125,,,,,, • 비용: 100/50 → 75/25,,,,,,
,,,,,, • 연구 시간: 54.3 → 60.7,,,,,,캐리어,,,,,, • 공격력,,,,,,
,,,,,,메딕,,,,,,• 소환 시간: 64.3 → 57.1,,,,,,   ◦ 기본: 375 → 307.5,,,,,,
,,,,,, • 체력: 65 → 60,,,,,,,,,,,,   ◦ 경장갑: 312.5 → 256.25,,,,,,
,,,,,,고스트,1.13.2,,,,,,,,,,,   ◦ 중장갑: 500 → 410,,,,,,
,,,,,, • 락다운 에너지 소모량: 75 → 100,,,,,, • 이제 마인드 컨트롤 당한 다크 아콘은 그 에너지가 즉시 고갈됨,,,,,,   ◦ 보호막: 400 → 328,,,,,,
,,,,,, • 인공눈 이식 연구 비용: 100/100 → 50/50,,,,,,,,,,,,,,,,,,
,,,,,,시즈 탱크,,,,,,,,,,,,,,,,,,
,,,,,, • 탱크 모드 공격 주기: 1.58 → 1.28,,,,,,,,,,,,,,,,,,
,,,,,,골리앗,,,,,,,,,,,,,,,,,,
,,,,,, • 지상 공격 주기: 0.94 → 1.02,,,,,,,,,,,,,,,,,,
,,,,,,드랍십,,,,,,,,,,,,,,,,,,
,,,,,, • 감속도: 1.49 → 1.93,,,,,,,,,,,,,,,,,,
,,,,,,발키리,1.13.3,,,,,,,,,,,,,,,,,
,,,,,, • 공격력,,,,,,,,,,,,,,,,,,
,,,,,,   ◦ 기본: 4.5 → 6,,,,,,,,,,,,,,,,,,
,,,,,,   ◦ 경장갑: 3.75 → 5,,,,,,,,,,,,,,,,,,
,,,,,,   ◦ 중장갑: 6 → 8,,,,,,,,,,,,,,,,,,
,,,,,,   ◦ 보호막: 4.8 → 6.4,,,,,,,,,,,,,,,,,,
,,,,,, • 방사 피해 범위,,,,,,,,,,,,,,,,,,
,,,,,,   ◦ 100%: 1.5 → 0.1562,,,,,,,,,,,,,,,,,,
,,,,,,   ◦ 50%: 2 → 1.5625,,,,,,,,,,,,,,,,,,
,,,,,,   ◦ 25%: 2.5 → 3.125,,,,,,,,,,,,,,,,,,
,,,,,, • 공격 간 지연 시간: 0.25 → 0.42,,,,,,,,,,,,,,,,,,
,,,,,,   ◦ 발키리의 공격은 미사일 8개가 네 쌍으로 묶여 나감. 위 변화는 각 쌍이 발사되기까지의 시간을 조정,,,,,,,,,,,,,,,,,,
,,,,,,사이언스 베슬,,,,,,,,,,,,,,,,,,
,,,,,, • 속성 추가: 거대,,1.13.3,,,,,,,,,,,,,,,,
,,,,,,배틀크루저,,,,,,,,,,,,,,,,,,
,,,,,,• 생산 시간: 64.3 → 57.1,,,,,,,,,,,,,,,,,,
1.12 (25.01.27)  /  1.12.2 (02.01)  /  1.12.3 (02.05)  /  1.12.4 (02.07),,,,,,,,,,,,,,,,,,,,,,,,
전체 변경 사항,,,,,,,,,,,,,,,,,,,,,,,,
 • 모든 BW·스타2 원거리 무기에 빗나감 기능 적용,,,,1.12,,,,,,,,,,,,,,,,,,,,
   ◦ 낮은 지형에서 높은 지형 공격·수풀 속 대상 공격: 46.875% 확률로 빗나감,,,,1.12,,,,,,,,,,,,,,,,,,,,
   ◦ 다크 스웜 안의 대상 공격: 100% 빗나감 / 관통형 무기는 빗나가지 않음,,,,1.12,,,,,,,,,,,,,,,,,,,,
   ◦ 공격이 빗나가면 방사 피해 지점도 빗나감,,,,1.12,,,,,,,,,,,,,,,,,,,,
버그 수정 및 기타 변경 사항,,,,,,,,,,,,,,,,,,,,,,,,
 • 다시보기 되감기 충돌 문제 수정,,,,1.12.3,,,,,,,,,,,,,,,,,,,,
 • 플레이그가 가스 구조물에 적용되지 않던 문제 수정,,,,1.12.3,,,,,,,,,,,,,,,,,,,,
 • 사이클론 락온을 주문으로 분류하고 다크 스웜 안의 대상도 지정 가능하도록 수정,,,,1.12,,,,,,,,,,,,,,,,,,,,
 • 인스네어·마엘스트롬·스테이시스 필드가 잠복 유닛을 대상으로 지정 가능하도록 수정,,,,1.12,,,,,,,,,,,,,,,,,,,,
,,,,,,,,,,,,,,,,,,,,,,,,
,,,,,,,,,,,,,,,,,,,,,,,,
,,,,,,,,,,,,보호막 재생,,,,,,,,,,,,
,,,,,,,,,,,,• 회복량: 초당 0.6125 → 초당 0.9954,1.12,,,,,,,,,,,
,,,,,,고스트,,,,,,질럿,,,,,,저글링,,,,,,
,,,,,, • 클로킹 연구 필요: 코버트 옵스,,,,1.12,,, • 공격 중 이동 불가 시간: 0.22 → 0.2,,,,1.12,,, • 공격 주기: 0.41 → 0.43,,,,1.12
,,,,,,• 클로킹 연구 비용/시간: 100/100·35,1.12,,,,,,드라군,,,,,,,,,,,
,,,,,,,,,,,, • 보호막/체력: 80/100 → 70/110,,,,1.12,,,,,,,,
,,,,,,,,,,,, • 특이점 장전 개발 시간: 125 → 107,,,,1.12,,,,,,,,
,,,,,,,,,,,,,,,, • 아드레날린 분비선 공격 속도 증가량: 40% → 45%,,• 아드레날린 분비선 공격 속도 증가량: 40% → 45%,1.12,,,,,[[PATCH_NO_AUTO_DIVIDER]]
,,,,,,,,,,,,,,,,,,드론,1.12.2,,,,,
,,,,,,,,,,,,,,,,,,• 공격 주기: 1.14 → 1.07,,,,,,
,,,,,,,,,,,,,,,,,,• 대군주 이동 속도 업그레이드 오류 수정: 1.837 → 3.06,,,,,,
,,,,,,,,,,,,,,,,,,오버로드,,,,,,
,,,,,,,,,,,,,,,,,,• 탐지 범뒤: 9 → 10 (오류 수정),1.12,,,,,
,,,,,, • 락다운 시전 사거리: 10 → 9,,,,1.12,,,리버,,,,,,울트라리스크,,,,,
,,,,,,벌쳐,,,,,, • 보호막/체력: 80/100 → 70/110,,,,1.12,,, • 비용: 200/200 → 175/175,,,,1.12,
,,,,,, • 가속도: 8.75 → 12.95,,,,1.12,,• 공격력: 105 (보호막 +50) → 100 (보호막 +55),1.12,,,,,, • 반경: 0.8125 → 0.875,,,,1.12,
,,,,,,골리앗,,,,,,• 스캐럽 공격력 증가: 20 (보호막 +35) → 25 (보호막 +30),1.12,,,,, • 아군 밀치기 우선순위: 0 → 1,,,,1.12,,
,,,,,,,,,,,, • 공격 시작 지연: 0 → 0.04,,,,1.12,,,,,,,,
,,,,,, • 지상 공격 주기: 0.88 → 0.94,,,,1.12,,, • 스캐럽 이동 속도: 12.6 → 11.2,,,,1.12,,,퀸,,,,
,,,,,,레이스,,,,,, • 공격 사거리를 선택 시 표시,,,,1.12,,• 인스네어 진화 필요: 퀸즈 네스트,1.12,,,,,
,,,,,,,,,,,,옵저버,,,,,,,,,,,,
,,,,,,,,,,,,• 탐지 범위: 10 → 11 (오류 수정),1.12,,,,,,,,,,,
,,,,,, • 클로킹 필드 연구 시간: 79 → 57,,,,1.12,,,커세어,,,,,• 인스네어 진화 비용/시간: 100/100·35,1.12,,,,,
,,,,,, • 아폴로 반응로 연구 비용: 150/150 → 100/100,,,,1.12,,, • 공격 사거리: 5 → 6,,,,1.12,,, • 인페스트 커맨드 센터 시전 시간: 0 → 5.7,,,,1.12
,,,,,,사이언스 베슬,,,,,,• 공격력,,,,,, • 인페스트 커맨드 센터 재사용 대기시간: 0 → 7.1,,,,1.12,,
,,,,,,,,,,,,◦ 기본: 3.75 → 4.5,1.12,,,,,,,,,,,
,,,,,,,,,,,,◦ 경장갑: 3.125 → 3.75,1.12,,,,,,,,,,,
,,,,,, • 이래디에이트 초기 피해량: 10 → 0,,,,1.12,,◦ 중장갑: 5 → 6,1.12,,,,,,인페스티드 테란,,,,,
,,,,,,,,,,,,◦ 보호막: 4 → 4.8,1.12,,,,,,,,,,,
,,,,,, • 이래디에이트 지속 시간: 30 → 27,,,,1.12,,,스카웃,,,,,, • 생산 시간: 27 → 24,,,,1.12,
,,,,,, • 이래디에이트 총 피해량: 289.9 → 249.9,,,,1.12,,• 지상 공격력: 10 (보호막 +5) → 9 (경장갑 +6),1.12,,,,,,디바우러,,,,,
,,,,,,배틀크루저,,,,,,,,,,,,, • 체력: 275 → 250,,,,1.12,
,,,,,, • 체력: 550 → 700 → 650,,,,1.12 / 1.12.2,,, • 지상 공격 주기: 1.34 → 1.21,,,,1.12,,,,,,,
,,,,,, • 방어력: 3 → 4 → 3,,,,1.12 / 1.12.2,,,아비터,,,,,,,,,,,
,,,,,, • 이동 속도: 2.8 → 2.63,,,,1.12,,, • 스테이시스 필드 지속 시간: 33 → 21,,,,1.12,,,,,,,
,,,,,, • 비용: 400/300 → 375/275,,,,1.12.2,,, • 스테이시스 필드 사거리: 9 → 8,,,,1.12,,,,,,,
,,,,,, • 인구: 6 → 5 → 6,,,,1.12 / 1.12.2,,,,,,,,,,,,,,
,,,,,, • 지상/공중 공격력: 25 → 27,,,,1.12,,, • 리콜이 공유 제어 상태의 동맹 유닛에도 사용 가능,,,,1.12,,,,,,,
,,,,,, • 지상/공중 사거리: 6 → 7,,,,1.12,,,,,,,,,,,,,,
,,,,,, • 야마토 건 공격력: 260 → 240,,,,1.12,,,,,,,,,,,,,,
,,,,,, • 야마토 건 에너지: 125 → 100,,,,1.12,,,,,,,,,,,,,,
,,,,,, • 야마토 건 시전/투사체 사거리: 10/20 → 13/26 → 12/24,,,,1.12 / 1.12.2,,,,,,,,,,,,,,
1.11 (24.11.08)  /  1.11.2 (11.11)  /  1.11.3 (11.15),,,,,,,,,,,,,,,,,,,,,,,,
,,,,,,엔지니어링 베이,,,,,,실드 배터리,,,,,,성큰 콜로니,,,,,,
,,,,,,• 건설 시간: 25 → 21,,,,,, • 보호막 재충전 보호막 회복량: 초당 20 → 초당 39,,,,,, • 체력: 350 → 325,,,,,,
,,,,,,아머리,,,,,,스타게이트,,,,,, • 공격 주기: 1.43 → 1.52,,,,,,
,,,,,,• 건설 시간: 39 → 36,,,,,, • 비용: 150/150 → 150/100,,,,,,스포어 콜로니,,,,,,
,,,,,,마린,,,,,,플릿 비콘,,,,,, • 공격 사거리: 8.5 → 8,,,,,,
,,,,,,• 생산 시간: 17 → 18,1.11.3,,,,, • 비용: 250/200 → 200/150,,,,,,드론,,,,,,
,,,,,,파이어뱃,,,,,,옵저버토리,,,,,,• 공격 주기: 1.07 → 1.14,1.11.3,,,,,
,,,,,,• 생산 시간: 17 → 18,1.11.3,,,,,• 소환 시간: 20 → 15,,,,,,히드라리스크,,,,,,
,,,,,,메딕,,,,,, • 체력: 200/200 → 250/250,,,,,, • 공격 주기: 0.67 → 0.74,,,,,,
,,,,,,• 생산 시간: 17 → 18,1.11.3,,,,,아비터 트라이뷰널,,,,,,디바우러,,,,,,
,,,,,, • 힐 에너지 소모량: 초당 8.4 → 초당 6.7,,,,,, • 비용: 200/150 → 250/200,,,,,, • 체력: 250 → 275,,,,,,
,,,,,, • 카두세우스 반응로 연구 비용: 100/100 → 50/50,,,,,,질럿,,,,,, • 방어력: 2 → 3,,,,,,
,,,,,, • 카두세우스 반응로 연구 시간: 57 → 46,,,,,,• 보호막/체력: 70/100 → 60/100 → 65/100,1.11.2 / 1.11.3,,,,, • 공격력,,,,,,
,,,,,,고스트,,,,,,드라군,,,,,,   ◦ 기본: 20.25 → 22.5,,,,,,
,,,,,, • 락다운 지속 시간: 29.6 → 27,,,,,,• 특이점 장전 개발 시간: 107 → 125,1.11.2,,,,,   ◦ 경장갑: 16.875 → 18.75,,,,,,
,,,,,,드랍십,,,,,,하이 템플러,,,,,,   ◦ 중장갑: 27 → 30,,,,,,
,,,,,, • 비용: 100/75 → 100/25,,,,,,• 사이오닉 스톰 선딜: 0.13 → 0.3,1.11.2,,,,,   ◦ 보호막: 21.6 → 24,,,,,,
,,,,,,배틀크루저,,,,,,리버,,,,,, • 공격력 업그레이드 수치: +2 → +3,,,,,,
,,,,,, • 공격 주기: 0.8 → 0.84,,,,,, • 공격력: 100 → 105 (보호막 +50),,,,,,,,,,,,
,,,,,,,,,,,, • 스캐럽 공격력 증가 개발의 보너스 공격력: 25 → 20 (보호막 +35),,,,,,,,,,,,
,,,,,,,,,,,,옵저버,,,,,,,,,,,,
,,,,,,,,,,,,• 생산 시간: 14 → 10,,,,,,,,,,,,
,,,,,,,,,,,, • 중력 가속기 개발 비용: 100/100 → 50/50,,,,,,,,,,,,
,,,,,,,,,,,, • 탐지기 배열 개발 비용: 100/100 → 50/50,,,,,,,,,,,,
,,,,,,,,,,,,스카웃,,,,,,,,,,,,
,,,,,,,,,,,, • 지상 공격력: 9 → 10 (보호막 +5),,,,,,,,,,,,
,,,,,,,,,,,, • 지상 공격 주기: 1.21 → 1.34,,,,,,,,,,,,
,,,,,,,,,,,,캐리어,,,,,,,,,,,,
,,,,,,,,,,,, • 캐리어 수용력 증가 개발 비용: 100/100 → 200/200,,,,,,,,,,,,
,,,,,,,,,,,, • 캐리어 수용력 증가 개발 시간: 57 → 64,,,,,,,,,,,,
1.10 (24.10.22)  / 1.10.2 (11.06),,,,,,,,,,,,,,,,,,,,,,,,
스1 일꾼,,,,,,고스트,,,,,,실드 배터리,,,,,,히드라리스크,,,,,,
 • 가속도: 3.7632 → 4.1125 (스2 일꾼 가속도: 3.5),,,,,, • 락다운 지속 시간: 32.9 → 29.6,,,,,, • 보호막 재충전: 수동 시전 → 자동 시전,,,,,, • 공격 투사체 삭제 (즉발 공격),,,,,,
    (스타2 대비 자원 채취율 5% → 6%),,,,,[[PATCH_NO_AUTO_DIVIDER]],발키리,1.10.2,,,,, • 보호막 재충전 에너지 소모량 / 보호막 회복량: 초당 56 / 112 → 초당 9.33 / 20,,,,,,럴커,,,,,,
,,,,,, • 이제 공격 중에 이동할 수 없음,,,,,,셔틀,,,,,, • 체력: 145 → 140,,,,,,
,,,,,, • 공격 선딜레이: 0.12 → 0.0446,,,,,, • 들이기 범위: 1 → 2.5,,,,,, • 공격 사거리: 7.5 → 7,,,,,,
,,,,,, • 공격 후딜레이: 0.18 → 1,,,,,, • 내보내기 속도: 0.71 → 0.64,,,,,,,,,,,,
,,,,,, • 미사일 크기 증가,,,,,,,,,,,,,,,,,,
,,,,,, • 발키리의 감속이 즉시 이루어지던 문제 수정,,,,,,,,,,,,,,,,,,
1.9 (24.10.05),,,,,,,,,,,,,,,,,,,,,,,,
스1 일꾼,,,,,,컴샛 스테이션,,,,,,질럿,,,,,,저글링,,,,,,
 • 가속도: 4.725 → 2.688 (스2 일꾼 가속도: 3.5),,,,,,• 부착 시간: 21 → 18,,,,,, • 공격 주기: 0.98 → 0.89,,,,,, • 공격 주기: 0.407 → 0.414,,,,,,
    (스타2 대비 자원 채취율 9% → 5%),,,,,[[PATCH_NO_AUTO_DIVIDER]], • 비용: 50/50 → 50/25,,,,,,하이 템플러,,,,,, • 아드레날린 분비선 공격 속도 증가량: 45% → 40%,,,,,,
,,,,,,아머리,,,,,, • 사이오닉 스톰 개발 비용: 175/175 → 150/150,,,,,,럴커,,,,,,
,,,,,,• 건설 시간: 46 → 39,,,,,,다크 아칸,,,,,, • 체력: 140 → 145,,,,,,
,,,,,,사이언스 퍼실리티,,,,,, • 마인드 컨트롤 개발 비용: 200/200 → 150/150,,,,,, • 공격 사거리: 7 → 7.5,,,,,,
,,,,,,• 건설 시간: 43 → 39,,,,,,• 이제 아칸 및 다크 아칸이 합체한 유닛들의 상태 이상을 그대로 이어 받음,,,,,,스커지,,,,,,
,,,,,,피직스 랩,,,,,,셔틀,,,,,, • 다른 지상 유닛과 함께 있을 때 적 지상 유닛에게 자동으로 타겟팅되지 않음,,,,,,
,,,,,,,,,,,, • 비용: 175 → 150,,,,,,,,,,,,
,,,,,,,,,,,,,,,,,,,,,,,,
,,,,,,• 건설 시간: 25 → 18,,,,,,리버,,,,,,가디언,,,,,,
,,,,,, • 비용: 50/50 → 50/25,,,,,, • 리버가 스타1때와 더 비슷하게 행동하도록 변경,,,,,, • 공격 선딜레이: 0.14 → 0.12,,,,,,
,,,,,,스팀팩,,,,,,,,,,,,,,,,,,
,,,,,, • 연구 시간: 57 → 54,,,,,, • 더 이상 리버가 직접 닿을 수 없는 대상을 자동으로 타겟팅하지 않음,,,,,,,,,,,,
,,,,,,마린,,,,,, • 이제 첫 스캐럽이 터지기 전까지 다음 스캐럽이 발사되지 못함,,,,,,,,,,,,
,,,,,, • U-238 탄환 연구 시간: 79 → 71,,,,,,아비터,,,,,,,,,,,,
,,,,,,메딕,,,,,, • 스테이시스 필드가 영웅 속성 유닛을 대상으로 삼지 못함,,,,,,,,,,,,
,,,,,, • 체력: 60 → 65,,,,,,,,,,,,,,,,,,
,,,,,, • 이동 속도: 3.43 → 3.94,,,,,,,,,,,,,,,,,,
,,,,,,고스트,,,,,,,,,,,,,,,,,,
,,,,,, • 체력: 55 → 60,,,,,,,,,,,,,,,,,,
,,,,,, • 이동 속도: 3.15 → 3.94,,,,,,,,,,,,,,,,,,
,,,,,, • 뉴클리어 스트라이크 공격력: 기본450 / 경장300 / 중장600 → 500 또는 전체 체력의 2/3 중 더 큰 값,,,,,,,,,,,,,,,,,,
,,,,,,,,,,,,,,,,,,,,,,,,
,,,,,,,,,,,,,,,,,,,,,,,,
,,,,,,골리앗,,,,,,,,,,,,,,,,,,
,,,,,, • 카론 부스터 연구 시간: 79 → 71,,,,,,,,,,,,,,,,,,
,,,,,,사이언스 베슬,,,,,,,,,,,,,,,,,,
,,,,,,• 생산 시간: 39 → 34,,,,,,,,,,,,,,,,,,
,,,,,, • 이래디에이트 연구 시간: 79 → 59,,,,,,,,,,,,,,,,,,
,,,,,, • 타이탄 반응로 연구 비용: 150/150 → 100/100,,,,,,,,,,,,,,,,,,
1.8 (24.08.29)  /  1.8.1 (09.06),,,,,,,,,,,,,,,,,,,,,,,,
스1 모든 에너지 업그레이드,,,,,,배럭,,,,,,플릿 비콘,,,,,,나이더스 커널,,,,,,
 • 초기 에너지 증가: 12 → 25,,,,,,• 건설 시간: 51 → 48,,,,,,• 소환 시간: 43 → 36,,,,,, • 비용: 150 → 100,,,,,,
,,,,,,스팀팩,,,,,,아비터 트라이뷰널,,,,,,• 변이 시간: 25 → 20,,,,,,
,,,,,, • 공격 주기 증가: 50% → 100%,,,,,,• 소환 시간: 40 → 36,,,,,,• 출구 생성 시간: 14 → 11,,,,,,
,,,,,,마린,,,,,,아콘 & 다크 아콘,,,,,,히드라리스크,,,,,,
,,,,,, • 체력: 45 → 40 → 45,,1.8.1,,,, • 반경: 1 → 0.75,,,,,, • 공격 주기: 0.74 → 0.67,,,,,,
,,,,,,벌쳐,,,,,,리버,,,,,, • 공격 사거리: 5 → 4 → 5,,1.8.1,,,,
,,,,,, • 공격 주기: 1.43 → 1.36,,,,,, • 반경: 0.8215 → 0.75,,,,,, • 공격 선딜레이: 0.15 → 0.06,,,,,,
,,,,,, • 스파이더 마인 체력: 20 → 25,,,,,,셔틀,,,,,,럴커,,,,,,
,,,,,,골리앗,,,,,,• 생산 시간: 36 → 33,,,,,, • 반경: 0.75 → 0.625,,,,,,
,,,,,, • 지상 공격 주기: 0.98 → 0.88,,,,,,커세어,,,,,, • 럴커 에그 반경: 0.5 → 0.625,,,,,,
,,,,,, • 카론 부스터 보너스 사거리: 3 → 2,,,,,, • 초기 에너지: 50 → 75,,,,,,스커지,,,,,,
,,,,,,발키리,,,,,, • 디스럽션 웹 개발 시간: 64 → 57,,,,,, • 체력: 25 → 30,,,,,,
,,,,,, • 미사일 발사 간격 단축,,,,,, • 디스럽션 웹 개발 비용: 100/150 → 50/50,,,,,,디바우러,,,,,,
,,,,,, • 미사일 속도 증가,,,,,,,,,,,, • 변이 시간: 25 → 24,,,,,,
1.7 (24.08.05),,,,,,,,,,,,,,,,,,,,,,,,
,,,,,,벙커,,,,,,질럿,,,,,,크립 콜로니,,,,,,
,,,,,,• 건설 시간: 21 → 29,,,,,,• 소환 시간: 27 → 24,,,,,, • 비용: 75 → 50,,,,,,
,,,,,, • 체력: 350 → 400,,,,,,하이 템플러,,,,,,성큰 콜로니,,,,,,
,,,,,,컨트롤 타워,,,,,, • 할루시네이션 에너지 소모량: 75 → 50,,,,,, • 체력: 300 → 350,,,,,,
,,,,,, • 비용: 50/50 → 50/25,,,,,, • 할루시네이션 개발 비용: 100/100 → 50/50,,,,,, • 공격 사거리: 7 → 7.5,,,,,,
,,,,,,• 부착 시간: 21 → 18,,,,,, • 할루시네이션 개발 시간: 64 → 57,,,,,,스포어 콜로니,,,,,,
,,,,,,사이언스 퍼실리티,,,,,,다크 아콘,,,,,, • 비용: 50 → 25,,,,,,
,,,,,,• 건설 시간: 46 → 43,,,,,,• 보호막/체력: 200/25 → 225/25,,,,,, • 공격 사거리: 8 → 8.5,,,,,,
,,,,,,코버트 옵스,,,,,, • 마엘스트롬 지속 시간: 6.4 → 7.9,,,,,,에볼루션 챔버,,,,,,
,,,,,, • 비용: 50/50 → 50/25,,,,,, • 마엘스트롬 개발 시간: 69 → 57,,,,,,• 변이 시간: 25 → 20,,,,,,
,,,,,,• 부착 시간: 25 → 18,,,,,,리버,,,,,,스파이어,,,,,,
,,,,,,스팀팩,,,,,,• 생산 시간: 47 → 39,,,,,, • 비용: 200/150 → 150/100,,,,,,
,,,,,, • 연구 시간: 79 → 57,,,,,, • 스캐럽 공격력 증가 개발 비용: 150/150 → 125/125,,,,,,그레이터 스파이어,,,,,,
,,,,,,마린,,,,,, • 스캐럽 공격력 증가 개발 시간: 100 → 79,,,,,,• 변이 시간: 71 → 57,,,,,,
,,,,,,• 생산 시간: 18 → 17,,,,,, • 리버 수용력 증가 개발 비용: 150/150 → 100/100,,,,,,퀸즈 네스트,,,,,,
,,,,,, • U-238 탄환 연구 비용: 150/100 → 100/100,,,,,, • 리버 수용력 증가 개발 시간: 93 → 57,,,,,, • 비용: 150/100 → 100/100,,,,,,
,,,,,, • U-238 탄환 연구 시간: 67 → 79,,,,,,셔틀,,,,,,오버로드,,,,,,
,,,,,,파이어뱃,,,,,, • 중력 구동기 개발 비용: 150/150 → 100/100,,,,,, • 배주머니 진화 시간: 93 → 71,,,,,,
,,,,,,• 생산 시간: 19 → 17,,,,,,캐리어,,,,,,저글링,,,,,,
,,,,,, • 체력: 60 → 65,,,,,, • 인터셉터 출격 지연 시간: 0.41 → 0.18,,,,,, • 공격 주기: 0.43 → 0.41,,,,,,
,,,,,,메딕,,,,,,아비터,,,,,, • 대사 촉진 진화 시간: 74 → 71,,,,,,
,,,,,,• 생산 시간: 18 → 17,,,,,,• 소환 시간: 75 → 69,,,,,,히드라리스크,,,,,,
,,,,,, • 공격 대상 우선 순위: 20 → 18,,,,,,,,,,,, • 공격 사거리: 4 → 5,,,,,,
,,,,,,벌쳐,,,,,,,,,,,, • 가시 홈 진화 보너스 사거리: +2 → +1,,,,,,
,,,,,,• 생산 시간: 21 → 19,,,,,,,,,,,, • 럴커 진화 비용: 200/200 → 150/150,,,,,,
,,,,,,시즈 탱크,,,,,,,,,,,,럴커,,,,,,
,,,,,, • 탱크 모드 공격 주기: 1.65 → 1.58,,,,,,,,,,,, • 변이 시간: 18 → 15,,,,,,
,,,,,, • 시즈 모드 공격 주기: 3.01 → 2.7,,,,,,,,,,,, • 체력: 135 → 140,,,,,,
,,,,,, • 시즈 모드 연구 비용: 100/100 → 50/50,,,,,,,,,,,,디파일러,,,,,,
,,,,,,골리앗,,,,,,,,,,,, • 체력: 80 → 90,,,,,,
,,,,,,• 생산 시간: 24 → 22,,,,,,,,,,,, • 플레이그 선딜 제거,,,,,,
,,,,,,레이스,,,,,,,,,,,,,,,,,,
,,,,,,• 생산 시간: 30 → 27,,,,,,,,,,,,,,,,,,
,,,,,,드랍십,,,,,,,,,,,,,,,,,,
,,,,,,• 생산 시간: 30 → 27,,,,,,,,,,,,,,,,,,
,,,,,,발키리,,,,,,,,,,,,,,,,,,
,,,,,,• 생산 시간: 36 → 33,,,,,,,,,,,,,,,,,,
,,,,,,사이언스 베슬,,,,,,,,,,,,,,,,,,
,,,,,, • 비용: 100/225 → 100/200,,,,,,,,,,,,,,,,,,
,,,,,,• 생산 시간: 43 → 39,,,,,,,,,,,,,,,,,,
,,,,,, • EMP 쇼크웨이브 연구 시간: 100 → 79,,,,,,,,,,,,,,,,,,
,,,,,, • 이래디에이트 연구 비용: 200/200 → 150/150,,,,,,,,,,,,,,,,,,
1.6 (24.07.16),,,,,,,,,,,,,,,,,,,,,,,,
,,,,,,배럭,,,,,,프로브,,,,,,드론,,,,,,
,,,,,,• 건설 시간: 54 → 51,,,,,,• 공격 주기: 0.98 → 1.07 (스2 일꾼과 동일),,,,,,• 공격 주기: 0.98 → 1.07 (스2 일꾼과 동일),,,,,,
,,,,,,팩토리,,,,,, • 공격 사거리: 1 → 0.5,,,,,, • 공격 사거리: 1 → 0.5,,,,,,
,,,,,,• 건설 시간: 36 → 39,,,,,,질럿,,,,,,,,,,,,
,,,,,,머신 샵,,,,,,,,,,,,,,,,,,
,,,,,,• 부착 시간: 25 → 18,,,,,,• 보호막/체력: 65/100 → 70/100,,,,,,,,,,,,
,,,,,,• 비용: 50/50 → 50/25,,,,,,,,,,,,,,,,,,
,,,,,,SCV,,,,,,,,,,,,,,,,,,
,,,,,,• 공격 주기: 0.98 → 1.07 (스2 일꾼과 동일),,,,,,,,,,,,,,,,,,
,,,,,,파이어뱃,,,,,,,,,,,,,,,,,,
,,,,,, • 방어력: 0 → 1,,,,,,,,,,,,,,,,,,
,,,,,,벌쳐,,,,,,,,,,,,,,,,,,
,,,,,, • 스파이더 마인 발동 사거리: 2.5 → 2.75,,,,,,,,,,,,,,,,,,
1.5 (24.06.15) /  1.5.1  /  1.5.2,,,,,,,,,,,,,,,,,,,,,,,,
스1 일꾼,,,,,,컴샛 스테이션,,,,,,플릿 비콘,,,,,,스포닝 풀,,,,,,
 • 가속도: 5.8625 → 4.725 (스2 일꾼 가속도: 3.5),,,,,,• 에너지 재생량: 0.7 → 0.7875 (오류값 수정),1.5.2,,,,,• 비용: 300/200 → 250/200,,,,,,• 변이 시간: 46 → 54,,,,,,
    (스타2 대비 자원 채취율 12% → 9%),,,,,[[PATCH_NO_AUTO_DIVIDER]],배럭,,,,,,질럿,,,,,,성큰 콜로니,,,,,,
폭발형·진동형,,,,,,• 건설 시간: 46 → 54,,,,,,• 보호막/체력: 70/100 → 65/100,,,,,,• 변이 시간: 25 → 13,,,,,,
 • 보호막 피해 계수: 100% → 80%,,,,,,아카데미,,,,,,"• 다리 강화 효과: 이동 속도 60%, 공격 주기 10% 증가 → 이동 속도 62% 증가",,,,,,스포어 콜로니,,,,,,
 • 보호막이 있는 중장갑 유닛에 대한 폭발형 공격력은 변함 없음,,,,,,• 건설 시간: 36 → 29,,,,,,드라군,,,,,, • 공격력: 25 → 20,,,,,,
 • 보호막이 있는 경장갑 유닛에 대한 진동형 공격력은 변함 없음,,,,,,팩토리,,,,,,• 소환 시간: 30 → 27,1.5.1,,,,,그레이터 스파이어,,,,,,
,,,,,,• 건설 시간: 43 → 36,,,,,, • 이동 속도: 4.13 → 4.11 (오류값 수정),,,,,, • 비용: 50/150 → 100/150 (오류값 수정),,,,,,
,,,,,,스팀팩,1.5.1,,,,, • 특이점 장전 개발 시간: 71 → 107,,,,,,라바,,,,,,
,,,,,, • 연구 시간: 54 → 79,,,,,,하이 템플러,,,,,, • 생성 시간: 10 → 10.7 → 10,,1.5.1,,,,
,,,,,,마린,,,,,, • 사이오닉 스톰 선딜 제거,,,,,,오버로드,,,,,,
,,,,,, • U-238 탄환 연구 비용: 50/100 → 150/100,,,,,,셔틀,,,,,," • 안테나 진화 시야, 탐지 범위 증가량: 2 → 3",,,,,,
,,,,,,파이어뱃,,,,,, • 비용: 200 → 175,,,,,, • 기낭 갑피 진화 이동 속도 증가량: 191.5% 증가 → 269.3% 증가,,,,,,
,,,,,, • 체력: 55 → 60,,,,,, • 이동 속도(기본/속업): 3.48 / 5.22 → 3.5 / 5.25 (오류값 수정),,,,,,저글링,,,,,,
,,,,,, • 방어력: 1 → 0,1.5.1,,,,,리버,,,,,, • 대사 촉진 진화 시간: 79 → 74,,,,,,
,,,,,,메딕,,,,,, • 이동 속도: 1.29 → 1.5,,,,,,히드라리스크,,,,,,
,,,,,, • 힐 시전 사거리: 2 → 3,,,,,, • 스캐럽 이동 속도: 11.2 → 12.6,,,,,, • 이동 속도(기본/발업): 2.76 / 4.13 → 2.89 / 4.33 (오류값 수정),,,,,,
,,,,,, • 이동 속도: 3.15 → 3.43,,,,,, • 스캐럽 생산 자동 시전 기능 제거,,,,,, • 가시 홈 진화 시간: 121 → 100,,,,,,
,,,,,, • 리스토레이션 시전 사거리: 2 → 6,,,,,, • 셔틀에 스캐럽 생산 버튼 추가,,,,,,럴커,,,,,,
,,,,,,고스트,,,,,,다크 아콘,,,,,, • 체력: 125 → 135,,1.5.1,,,,
,,,,,, • 락다운 지속 시간: 46.8 → 32.9,,,,,, • 초기 에너지: 50 → 75,,,,,, • 공격 사거리: 8 → 7,,,,,,
,,,,,,벌쳐,,,,,, • 마인드 컨트롤 시전 사거리: 8 → 9,,,,,,뮤탈리스크,,,,,,
,,,,,, • 공격 주기: 1.34 → 1.43,,,,,, • 마엘스트롬 지속 시간: 7.9 → 6.4,,,,,, • 분리 반경: 0.6875 → 0.4,,,,,,
,,,,,, • 스파이더 마인 발동 사거리: 3 → 2.5,,,1.5.1,,, • 마엘스트롬 개발 시간: 79 → 69,,,,,,가디언,,,,,,
,,,,,,골리앗,,,,,,스카웃,,,,,, • 변이 시간: 27 → 24,,,,,,
,,,,,,• 생산 시간: 29 → 24,,,,,, • 비용: 250/100 → 200/100,,,,,, • 이동 속도: 1.97 → 2.27,,,,,,
,,,,,, • 이동 속도: 3.54 → 3.67 (오류값 수정),,,,,,• 소환 시간: 43 → 36,,,,,, • 공격력: 20 → 25,,,,,,
,,,,,, • 카론 부스터 연구 보너스 사거리: +4 → +3,,,,,, • 시야: 9 → 10,,,,,,디바우러,,,,,,
,,,,,,시즈 탱크,,,,,, • 이동 속도(기본/속업): 3.94 / 5.23 → 4.72 / 5.91,,,,,, • 변이 시간: 29 → 25,,,,,,
,,,,,,• 생산 시간: 29 → 24 → 27,1.5.1,,,,, • 방어력: 1 → 0,,,,,, • 공격력,,,,,,
,,,,,, • 시즈 모드 공격 사거리: 14 → 13.5,,,,,, • 지상 공격 사거리: 5 → 4,,,,,,   ◦ 기본: 18.75 → 20.25,,,,,,
,,,,,, • 시즈 모드 연구 시간: 43 → 39,,,,,, • 에이피얼 탐지기 개발 비용: 100/100 → 50/50,,,,,,   ◦ 경장갑: 15.625 → 16.875,,,,,,
,,,,,,드랍십,,,,,, • 에이피얼 탐지기 개발 시간: 79 → 36,,,,,,   ◦ 중장갑: 25 → 27,,,,,,
,,,,,, • 비용: 100/100 → 100/75,,,,,, • 중력 추진기 개발 비용: 100/100 → 50/50,,,,,,   ◦ 보호막: 25 → 21.6,,,,,,
,,,,,, • 이동 속도: 4.3 → 4.29 (오류값 수정),,,,,, • 중력 추진기 개발 이동 속도 증가량: 33% → 25%,,,,,, • 애시드 스포어 지속 시간: 21.4 → 15,,,,,,
,,,,,,사이언스 베슬,,,,,,커세어,,,,,,퀸,,,,,,
,,,,,,• 생산 시간: 36 → 43,1.5.1,,,,, • 방사 피해 범위,,,,,, • 부르들링 소환 시전 사거리: 9 → 10,,,,,,
,,,,,, • 이동 속도: 3.94 → 3.85,,,,,,   ◦ 100%: 0.1562 → 0.17,,,,,, • 인스네어 지속 시간: 26.8 → 21.4,,,,,,
,,,,,, • 디펜시브 매트릭스 지속 시간: 60 → 42,,,,,,   ◦ 50%: 1.5625 → 1.65,,,,,,디파일러,,,,,,
,,,,,, • 이래디에이트 연구 비용: 150/150 → 200/200,,,1.5.2,,,   ◦ 25%: 3.125 → 3.25,,,,,, • 다크 스웜 지속 시간: 40.2 → 32.1,,,,,,
,,,,,, • 이래디에이트 피해 주기: 0.36 → 0.32 → 0.36,,,1.5.2,,, • 분리 반경: 0.75 → 0.5,,,,,, • 플레이그 효과 반경: 2 → 2.2,,,,,,
,,,,,, • 이래디에이트 지속 시간: 30 → 27.1 → 30,,,1.5.2,,,아비터,,,,,,울트라리스크,,,,,,
,,,,,, • 이래디에이트 효과 반경: 2.5 → 1.875,,,,,, • 스테이시스 필드 에너지 소모량: 75 → 100,,,,,, • 이동 속도(기본/발업): 4.03 / 6.04 → 4.2 / 6.3 (오류값 수정),,,,,,
,,,,,, • 이래디에이트 짧은 후딜 추가,,1.5.2,,,, • 스테이시스 필드 지속 시간: 46.8 → 32.9,,,,,,,,,,,,
,,,,,,레이스,,,,,,,,,,,,,,,,,,
,,,,,,• 생산 시간: 32 → 30,,,,,,,,,,,,,,,,,,
,,,,,,발키리,,,,,,,,,,,,,,,,,,
,,,,,, • 이동 속도: 5.2 → 5.16 (오류값 수정),,,,,,,,,,,,,,,,,,
,,,,,,배틀크루저,,,,,,,,,,,,,,,,,,
,,,,,, • 이동 속도: 2.62 → 2.8,,,,,,,,,,,,,,,,,,
1.4 (24.05.31),,,,,,,,,,,,,,,,,,,,,,,,
,,,,,,시즈 탱크,,,,,,,,,,,,디파일러,,,,,,
,,,,,, • 100% 방사 피해 범위: 0.3125 → 0.375,,,,,,,,,,,, • 컨슘 시전 사거리: 0.1 → 0.5,,,,,,
1.3 (24.05.23),,,,,,,,,,,,,,,,,,,,,,,,
,,,,,,벌쳐,,,,,,리버,,,,,,울트라리스크,,,,,,
,,,,,, • 공격 주기: 1.21 → 1.34,,,,,, • 스캐럽 이동 속도: 12.6 → 11.2,,,,,, • 유닛 반경: 0.75 → 0.8125,,,,,,
1.0 (24.05.12),,,,,,,,,,,,,,,,,,,,,,,,
 • 폭발형 무기 경장갑 피해 계수: 50% → 62.5%,,,,,,서플라이 디포,,,,,,넥서스,,,,,,라바,,,,,,
 • 진동형 무기 중장갑 피해 계수: 25% → 37.5%,,,,,, • 체력: 400 → 500 (오류값 수정),,,,,, • 보호막/체력: 750/750 → 1000/1000,,,,,, • 생성 시간: 9.3 → 10,,,,,,
[[PATCH_DIVIDER]],,,,,,벌쳐,,,,,,실드 배터리,,,,,,저글링,,,,,,
,,,,,, • 공격 주기: 1.34 → 1.21,,,,,, • 보호막 재충전: 자동 시전 → 수동 시전,,,,,, • 공격 주기: 0.36 → 0.43,,,,,,
,,,,,, • 스파이더 마인 발동 사거리: 2 → 3,,,,,, • 보호막 재충전 에너지 소모량 / 보호막 회복량: 초당 56 / 112,,,,,, • 아드레날린 분비선 공격 속도 증가량: 33% → 45%,,,,,,
,,,,,, • 이온 추진기 연구 시간: 71 → 54,,,,,,로보틱스 서포트 베이,,,,,,히드라리스크,,,,,,
,,,,,,시즈 탱크,,,,,,• 소환 시간: 36 → 21,,,,,, • 공격 주기: 0.67 → 0.74,,,,,,
,,,,,,• 생산 시간: 32 → 29,,,,,,옵저버토리,,,,,, • 공격 사거리: 5 → 4,,,,,,
,,,,,, • 시즈 모드 공격 사거리: 13 → 14,,,,,, • 비용: 100/50 → 50/50,,,,,, • 가시 홈 진화 시간: 71 → 121,,,,,,
,,,,,,레이스,,,,,, • 보호막/체력: 250/250 → 200/200,,,,,, • 가시 홈 진화 비용: 100/100 → 150/150,,,,,,
,,,,,, • 지상 공격력: 8 → 10,,,,,,질럿,,,,,,뮤탈리스크,,,,,,
,,,,,,사이언스 베슬,,,,,, • 다리 강화 효과 추가: 공격 주기 10% 증가,,,,,,• 공격력: 9 → 10,,,,,,
,,,,,, • 디펜시브 매트릭스 보호막: 250 → 300,,,,,, • 다리 강화 개발 시간: 64 → 71,,,,,, • 공격 사거리: 3 → 4,,,,,,
,,,,,, • 이래디에이트 피해량,,,,,,드라군,,,,,,퀸,,,,,,
,,,,,,   ◦ 주기당 피해량: 7 → 3.332,,,,,, • 공격 사거리: 5 → 6,,,,,, • 부르들링 소환 에너지 소모량: 125 → 150,,,,,,
,,,,,,   ◦ 최대 피해량: 248 → 290,,,,,, • 특이점 장전 개발 보너스 사거리: +2 → +1,,,,,,울트라리스크,,,,,,
,,,,,, • 이래디에이트 피해 주기: 0.71 → 0.36,,,,,, • 특이점 장전 개발 비용: 100/150 → 100/100,,,,,, • 유닛 반경: 0.875 → 0.75,,,,,,
,,,,,, • 이래디에이트 지속 시간: 24.6 → 30,,,,,, • 특이점 장전 개발 시간: 79 → 71,,,,,, • 공격력: 20 → 25,,,,,,
,,,,,,,,,,,,하이 템플러,,,,,, • 공격 주기: 0.67 → 0.6,,,,,,
,,,,,,,,,,,,• 소환 시간: 32 → 30,,,,,,,,,,,,
,,,,,,,,,,,,• 사이오닉 스톰 재사용 대기시간: 3 → 2,,,,,,,,,,,,
,,,,,,,,,,,, • 사이오닉 스톰 개발 비용: 200/200 → 175/175,,,,,,,,,,,,
,,,,,,,,,,,, • 사이오닉 스톰 개발 시간: 79 → 71,,,,,,,,,,,,
,,,,,,,,,,,,아콘,,,,,,,,,,,,
,,,,,,,,,,,, • 보호막: 350 → 375,,,,,,,,,,,,
,,,,,,,,,,,,다크 템플러,,,,,,,,,,,,
,,,,,,,,,,,,• 소환 시간: 32 → 30,,,,,,,,,,,,
,,,,,,,,,,,,다크 아콘,,,,,,,,,,,,
,,,,,,,,,,,, • 마인드 컨틀롤 개발 시간: 80 → 71,,,,,,,,,,,,
,,,,,,,,,,,,셔틀,,,,,,,,,,,,
,,,,,,,,,,,, • 가속력: 1.0625 → 1.25,,,,,,,,,,,,
,,,,,,,,,,,, • 중력 구동기 개발 보너스 가속력: 0.75,,,,,,,,,,,,
,,,,,,,,,,,, • 중력 구동기 개발 비용: 200/200 → 150/150,,,,,,,,,,,,
,,,,,,,,,,,, • 중력 구동기 개발 시간: 57 → 71,,,,,,,,,,,,
,,,,,,,,,,,,리버,,,,,,,,,,,,
,,,,,,,,,,,, • 리버 수용력 증가 개발 시간: 79 → 93,,,,,,,,,,,,
,,,,,,,,,,,,옵저버,,,,,,,,,,,,
,,,,,,,,,,,, • 시야: 10 → 11,,,,,,,,,,,,
,,,,,,,,,,,, • 이동 속도: 2.63 → 2.82,,,,,,,,,,,,
,,,,,,,,,,,, • 보호막: 20 → 30,,,,,,,,,,,,
,,,,,,,,,,,,스카웃,,,,,,,,,,,,
,,,,,,,,,,,, • 방어력: 0 → 1,,,,,,,,,,,,
,,,,,,,,,,,, • 지상 공격력: 8 → 9,,,,,,,,,,,,
,,,,,,,,,,,, • 지상 공격 주기: 1.34 → 1.21,,,,,,,,,,,,
,,,,,,,,,,,, • 공중 공격 사거리: 5 → 6,,,,,,,,,,,,
,,,,,,,,,,,,캐리어,,,,,,,,,,,,
,,,,,,,,,,,, • 보호막: 150 → 175,,,,,,,,,,,,
,,,,,,,,,,,, • 인터셉터 출격 지연 시간: 0.45 → 0.41,,,,,,,,,,,,
,,,,,,,,,,,,아비터,,,,,,,,,,,,
,,,,,,,,,,,, • 빌드 타임: 82 → 75,,,,,,,,,,,,
,,,,,,,,,,,, • 리콜 반경 20% 증가,,,,,,,,,,,,
 • 여러 무기 및 장갑의 업그레이드 비용을 스타2와 같도록 표준화,,,,,,,,,,,,,,,,,,,,,,,,
0.26 (24.04.29),,,,,,,,,,,,,,,,,,,,,,,,
,,,,,,팩토리,,,,,,포톤 캐논,,,,,,스포어 콜로니,,,,,,
,,,,,, • 비용: 200/100 → 150/100,,,,,, • 보호막/체력: 100/100 → 150/150,,,,,, • 공격력: 15 → 25,,,,,,
,,,,,,미사일 터렛,,,,,, • 공격 주기: 0.98 → 0.89,,,,,, • 공격 사거리: 7 → 8,,,,,,
,,,,,, • 공격력,,,,,,사이버네틱스 코어,,,,,,라바,,,,,,
,,,,,,   ◦ 기본: 15 → 18.75,,,,,, • 비용: 200 → 150,,,,,, • 생성 시간: 8.6 → 9.3,,,,,,
,,,,,,   ◦ 경장갑: 10 → 12.5,,,,,,로보틱스 퍼실리티,,,,,,럴커,,,,,,
,,,,,,   ◦ 중장갑: 20 → 25,,,,,, • 비용: 200/100 → 150/100,,,,,, • 공격력: 20 → 20 (경장갑 +5),,,,,,
,,,,,,   ◦ 보호막: 20 → 25,,,,,,옵저버토리,,,,,, • 공격 사거리: 7 → 8,,,,,,
,,,,,,마린,,,,,, • 비용: 50/100 → 100/50,,,,,, • 버로우 소요 시간: 1.8 → 1.4,,,,,,
,,,,,, • U-238 탄환 연구 시간: 43 → 67,,,,,,• 소환 시간: 14 → 20,,,,,,디파일러,,,,,,
,,,,,,메딕,,,,,,질럿,,,,,, • 다크스웜 에너지 소모량: 75 → 100,,,,,,
,,,,,, • 리스토레이션 연구 비용: 100/100 → 50/50,,,,,, • 다리 강화 개발 보너스 이동 속도: 50% → 60%,,,,,,,,,,,,
,,,,,, • 리스토레이션 연구 시간: 64 → 54,,,,,,하이 템플러,,,,,,,,,,,,
,,,,,,고스트,,,,,,• 소환 시간: 39 → 32,,,,,,,,,,,,
,,,,,, • 락다운 시전 사거리: 9 → 10,,,,,,다크 템플러,,,,,,,,,,,,
,,,,,,골리앗,,,,,,• 소환 시간: 36 → 32,,,,,,,,,,,,
,,,,,, • 체력: 125 → 150,,,,,,셔틀,,,,,,,,,,,,
,,,,,,,,,,,, • 보호막/체력: 60/80 → 70/100,,,,,,,,,,,,
,,,,,,,,,,,,캐리어,,,,,,,,,,,,
,,,,,,,,,,,, • 인터셉터 출격 지연 시간: 0.26 → 0.45,,,,,,,,,,,,
,,,,,,,,,,,, • 인터셉터 공격 주기: 1.11 → 1.34,,,,,,,,,,,,
,,,,,,,,,,,,아비터,,,,,,,,,,,,
,,,,,,,,,,,, • 비용: 100/350 → 100/300,,,,,,,,,,,,
,,,,,,,,,,,, • 리콜 에너지 소모량: 150 → 125,,,,,,,,,,,,
0.25 (24.04.18),,,,,,,,,,,,,,,,,,,,,,,,
,,,,,,마린,,,,,,옵저버토리,,,,,,점막,,,,,,
,,,,,, • 체력: 40 → 45,,,,,,• 소환 시간: 18 → 14,,,,,,• 이동 속도 보너스 20% 증가,,,,,,
,,,,,, • U-238 탄환 연구 비용: 50/50 → 50/100,,,,,,질럿,,,,,,라바,,,,,,
,,,,,,파이어뱃,,,,,,• 보호막/체력: 60/100 → 70/100,,,,,, • 생성 시간: 10.7 → 8.6,,,,,,
,,,,,, • 체력: 50 → 55,,,,,,드라군,,,,,,오버로드,,,,,,
,,,,,,고스트,,,,,, • 특이점 장전 개발 비용: 150/150 → 100/150,,,,,, • 이동 속도: 0.66 → 0.9,,,,,,
,,,,,, • 체력: 45 → 55,,,,,, • 특이점 장전 개발 보너스 사거리: +1 → +2,,,,,,가디언,,,,,,
,,,,,, • 락다운 에너지 소모량: 100 → 75,,,,,,하이 템플러,,,,,, • 공격 사거리: 8 → 10,,,,,,
,,,,,,골리앗,,,,,, • 할루시네이션 에너지 소모량: 100 → 75,,,,,,퀸,,,,,,
,,,,,, • 공중 공격 사거리: 5 → 6,,,,,,다크 템플러,,,,,, • 브루들링 소환 에너지 소모량: 150 → 125,,,,,,
,,,,,, • 카론 부스터 연구 보너스 사거리: +3 → +4,,,,,, • 공격력: 40 → 45,,,,,,디파일러,,,,,,
,,,,,,시즈 탱크,,,,,,옵저버,,,,,, • 다크스웜 에너지 소모량: 100 → 75,,,,,,
,,,,,, • 시즈 모드 공격 사거리: 12 → 13,,,,,,• 생산 시간: 18 → 14,,,,,,,,,,,,
,,,,,, • 시즈 모드 연구 비용: 150/150 → 100/150,,,,,,커세어,,,,,,,,,,,,
,,,,,, • 시즈 모드 연구 시간: 54 → 43,,,,,, • 디스럽션 웹 에너지 소모량: 125 → 100,,,,,,,,,,,,
,,,,,,발키리,,,,,,캐리어,,,,,,,,,,,,
,,,,,, • 공격 사거리: 5 → 6,,,,,, • 인터셉터 출격 지연 시간: 0.41 → 0.26,,,,,,,,,,,,
,,,,,,배틀크루저,,,,,,,,,,,,,,,,,,
,,,,,, • 체력: 500 → 550,,,,,,,,,,,,,,,,,,
,,,,,, • 이동 속도: 1.97 → 2.62,,,,,,,,,,,,,,,,,,
,,,,,, • 야마토 건 에너지 소모량: 150 → 125,,,,,,,,,,,,,,,,,,
0.24 (24.04.11),,,,,,,,,,,,,,,,,,,,,,,,
 • 임의로 변경한 스탯들 스1 원본값으로 원복,,,,,,미사일 터렛,,,,,,보호막 재생,,,,,,점막 이동 속도 보너스,,,,,,
"• 진동형 공격이 경장갑 100%, 기본 50%, 중장갑 25% 피해를 줌",,,,,, • 공격 주기: 0.67 → 0.61,,,,,, • 재충전 대기 시간: 7 → 0,,,,,, • 증가 안함,,,,,,
"• 폭발형 공격이 경장갑 50%, 기본 75%, 중장갑 100% 피해를 줌",,,,,,스팀팩,,,,,, • 회복량: 초당 2.8 → 초당 0.6125,,,,,,라바,,,,,,
,,,,,, • 연구 시간: 100 → 54,,,,,,포톤 캐논,,,,,, • 생성 시간: 7.1 → 10.7,,,,,,
,,,,,,마린,,,,,, • 보호막/체력: 150/150 → 100/100,,,,,,뮤탈리스크,,,,,,
,,,,,, • 시야: 8 → 9,,,,,,다크 템플러,,,,,, • 공격 주기: ? → 1.21,,,,,,
,,,,,,파이어뱃,,,,,, • 공격 주기: 1.34 → 1.21,,,,,,스커지,,,,,,
,,,,,, • 비용: 75/25 → 50/25,,,,,,다크 아콘,,,,,, • 비용: ? → 25/75,,,,,,
,,,,,, • 체력: 80 → 50,,,,,, • 마인트 컨트롤 개발 시간: 128 → 71,,,,,,퀸,,,,,,
,,,,,,메딕,,,,,,셔틀,,,,,, • 브루들링 소환 진화 시간: 43 → 54,,,,,,
,,,,,, • 옵티컬 플레어 지속 시간: ? → 무기한,,,,,,• 생산 시간: 61 → 47,,,,,, • 패러사이트 지속 시간: ? → 무기한,,,,,,
,,,,,,고스트,,,,,, • 보호막: 100 → 60,,,,,,,,,,,,
,,,,,, • 비용: 100/100 → 25/75,,,,,, • 중력 구동기 개발 비용: 100/100 → 200/200,,,,,,,,,,,,
,,,,,, • 체력: 75 → 45,,,,,,리버,,,,,,,,,,,,
,,,,,, • 락다운 연구 시간: 7 → 50,,,,,,• 생산 시간: 61 → 47,,,,,,,,,,,,
,,,,,, • 락다운 지속 시간: 14.3 → 46.8,,,,,, • 초기 스캐럽 수: 2 → 0,,,,,,,,,,,,
,,,,,,벌쳐,,,,,,옵저버,,,,,,,,,,,,
,,,,,, • 스파이더 마인 연구 시간: 71 → 54,,,,,, • 탐지기 배열 개발 비용: 100/110 → 100/100,,,,,,,,,,,,
,,,,,,시즈 탱크,,,,,,캐리어,,,,,,,,,,,,
,,,,,, • 체력: 175 → 150,,,,,, • 초기 인터셉터 수: 2 → 0,,,,,,,,,,,,
,,,,,, • 시즈 모드 연구 필요,,,,,, • 인터셉터 수용량 증가 개발 시간: 57 → 46,,,,,,,,,,,,
,,,,,,배틀크루저,,,,,,아비터,,,,,,,,,,,,
,,,,,, • 야마토 건 에너지 소모량: 100 → 150,,,,,, • 비용: 100/300 → 100/350,,,,,,,,,,,,
,,,,,, • 야마토 건 연구 비용: 150/150 → 100/100,,,,,, • 스테이시스 필드 개발 시간: 121 → 71,,,,,,,,,,,,
,,,,,, • 야마토 건 연구 시간: 100 → 80,,,,,, • 스테이시스 필드 지속 시간: 28.6 → 46.8,,,,,,,,,,,,